order_id,item_id,customer_id,product,amount,currency,time_stamp,transaction_date
3801,23,421,"Salmon - Atlantic, Fresh, Whole",2756.00,USD,2020-09-02T03:54:12Z,2020-09-02
9999,25,149,Lemonade - Pineapple Passion,4427.00,USD,2020-09-02T07:19:53Z,2020-09-02
1357,99,117,"Beans - Black Bean, Dry",3463.00,USD,2020-09-02T05:52:34Z,2020-09-02
7799,30,894,Onions - White,2431.00,USD,2020-09-02T15:51:56Z,2020-09-02
7389,84,726,Knife Plastic - White,3264.00,USD,2020-09-02T04:00:33Z,2020-09-02
9934,23,888,"Lamb - Leg, Boneless",2032.00,USD,2020-09-02T18:42:17Z,2020-09-02
5310,85,579,Artichoke - Fresh,4617.00,USD,2020-09-02T03:08:48Z,2020-09-02
1532,26,658,Flour - Bread,3540.00,USD,2020-09-02T16:55:57Z,2020-09-02
5591,17,294,French Kiss Vanilla,3065.00,USD,2020-09-02T01:00:25Z,2020-09-02
1278,10,146,Onion Powder,1830.00,USD,2020-09-02T15:48:40Z,2020-09-02
2154,36,352,Cake - Bande Of Fruit,866.00,USD,2020-09-02T03:43:30Z,2020-09-02
6891,89,642,Lid - 16 Oz And 32 Oz,1481.00,USD,2020-09-02T13:50:07Z,2020-09-02
6917,56,421,Cheese - Valancey,2900.00,USD,2020-09-02T23:51:38Z,2020-09-02
6505,34,859,"7up Diet, 355 Ml",3836.00,USD,2020-09-02T00:35:07Z,2020-09-02
8296,84,594,"Wine - White, Concha Y Toro",1413.00,USD,2020-09-02T17:24:23Z,2020-09-02
7308,50,851,Wine - Muscadet Sur Lie,3271.00,USD,2020-09-02T21:01:51Z,2020-09-02
2686,20,527,Foil Cont Round,1899.00,USD,2020-09-02T09:01:59Z,2020-09-02
8998,28,610,Syrup - Monin - Blue Curacao,4033.00,USD,2020-09-02T03:36:01Z,2020-09-02
7365,90,840,Mushroom - White Button,4712.00,USD,2020-09-02T19:03:42Z,2020-09-02
6534,47,803,"Lamb - Whole, Frozen",3850.00,USD,2020-09-02T20:27:04Z,2020-09-02
8215,65,733,Sauce - Fish 25 Ozf Bottle,2838.00,USD,2020-09-02T07:28:47Z,2020-09-02
5380,94,671,Sprouts - Baby Pea Tendrils,1890.00,USD,2020-09-02T23:40:59Z,2020-09-02
9275,91,285,Wine - Casillero Del Diablo,1586.00,USD,2020-09-02T23:13:04Z,2020-09-02
2239,83,110,Longos - Grilled Veg Sandwiches,3502.00,USD,2020-09-02T12:13:04Z,2020-09-02
3741,73,374,Paste - Black Olive,3622.00,USD,2020-09-02T21:49:34Z,2020-09-02
9071,73,480,Pastry - Chocolate Chip Muffin,1960.00,USD,2020-09-02T22:03:04Z,2020-09-02
9776,70,348,"Potatoes - Purple, Organic",502.00,USD,2020-09-02T07:21:12Z,2020-09-02
5048,63,500,Soup - Campbells - Chicken Noodle,4110.00,USD,2020-09-02T08:11:06Z,2020-09-02
1725,37,845,Longos - Grilled Veg Sandwiches,4736.00,USD,2020-09-02T13:43:40Z,2020-09-02
8238,41,362,Compound - Mocha,1323.00,USD,2020-09-02T07:01:55Z,2020-09-02
4424,70,303,Potatoes - Peeled,3080.00,USD,2020-09-02T15:16:04Z,2020-09-02
2259,74,440,Pork - Caul Fat,3326.00,USD,2020-09-02T19:44:24Z,2020-09-02
9961,42,773,Myers Planters Punch,3731.00,USD,2020-09-02T16:01:04Z,2020-09-02
5346,90,591,Wine - Casablanca Valley,3082.00,USD,2020-09-02T02:13:39Z,2020-09-02
9551,41,309,Mortadella,778.00,USD,2020-09-02T15:42:46Z,2020-09-02
9463,75,281,Dc - Frozen Momji,3618.00,USD,2020-09-02T13:10:11Z,2020-09-02
1995,22,884,Muffins - Assorted,3086.00,USD,2020-09-02T16:35:42Z,2020-09-02
6142,56,717,"Juice - Clamato, 341 Ml",2408.00,USD,2020-09-02T18:53:53Z,2020-09-02
2174,11,479,White Fish - Filets,1138.00,USD,2020-09-02T09:54:15Z,2020-09-02
9654,91,386,Lobster - Base,2899.00,USD,2020-09-02T14:45:03Z,2020-09-02
9119,32,538,Beer - Maudite,4701.00,USD,2020-09-02T05:12:49Z,2020-09-02
8563,88,467,Sherry - Dry,2051.00,USD,2020-09-02T03:37:45Z,2020-09-02
6300,43,162,Potatoes - Pei 10 Oz,1130.00,USD,2020-09-02T13:24:19Z,2020-09-02
3133,95,753,Pork - Ground,875.00,USD,2020-09-02T00:18:45Z,2020-09-02
9181,68,397,Wine - Valpolicella Masi,1403.00,USD,2020-09-02T21:50:09Z,2020-09-02
4190,42,555,Jagermeister,4249.00,USD,2020-09-02T23:04:30Z,2020-09-02
7128,50,363,Mushrooms - Honey,2990.00,USD,2020-09-02T00:45:27Z,2020-09-02
7914,68,383,"Chilli Paste, Sambal Oelek",1768.00,USD,2020-09-02T12:14:57Z,2020-09-02
8867,34,739,Mushroom - Chanterelle Frozen,1025.00,USD,2020-09-02T00:08:28Z,2020-09-02
3118,14,229,Chocolate Bar - Smarties,3137.00,USD,2020-09-02T06:50:32Z,2020-09-02
7722,70,550,Flower - Potmums,2651.00,USD,2020-09-02T14:41:38Z,2020-09-02
5814,34,420,Cake - French Pear Tart,4158.00,USD,2020-09-02T01:29:04Z,2020-09-02
2089,29,717,Cornflakes,2735.00,USD,2020-09-02T20:56:36Z,2020-09-02
6496,96,135,Sobe - Cranberry Grapefruit,2751.00,USD,2020-09-02T07:18:06Z,2020-09-02
7419,15,187,Danishes - Mini Cheese,666.00,USD,2020-09-02T08:11:03Z,2020-09-02
6843,47,702,Pork - Shoulder,2021.00,USD,2020-09-02T06:04:03Z,2020-09-02
6050,55,868,Plastic Wrap,1865.00,USD,2020-09-02T10:03:07Z,2020-09-02
2499,82,775,Wine - Casablanca Valley,4589.00,USD,2020-09-02T15:44:41Z,2020-09-02
3162,34,867,Flour - Strong,4251.00,USD,2020-09-02T03:10:01Z,2020-09-02
8030,21,453,"Bread - Roll, Calabrese",4540.00,USD,2020-09-02T14:36:01Z,2020-09-02
3278,68,668,Tea - English Breakfast,722.00,USD,2020-09-02T08:02:18Z,2020-09-02
4334,62,847,Tart - Raisin And Pecan,779.00,USD,2020-09-02T11:58:53Z,2020-09-02
4984,67,864,Longos - Burritos,782.00,USD,2020-09-02T03:41:19Z,2020-09-02
4471,50,416,Wine - Clavet Saint Emilion,3819.00,USD,2020-09-02T00:16:40Z,2020-09-02
6262,42,121,Anisette - Mcguiness,3155.00,USD,2020-09-02T11:34:19Z,2020-09-02
1826,24,756,Appetizer - Mushroom Tart,2705.00,USD,2020-09-02T20:55:57Z,2020-09-02
9084,99,329,Quail - Jumbo Boneless,3057.00,USD,2020-09-02T05:49:34Z,2020-09-02
3126,21,237,"Wine - Niagara,vqa Reisling",4661.00,USD,2020-09-02T07:42:09Z,2020-09-02
9852,59,300,Corn - Mini,4773.00,USD,2020-09-02T03:38:08Z,2020-09-02
9001,74,478,Salt - Kosher,558.00,USD,2020-09-02T08:24:53Z,2020-09-02
7717,44,598,Wine - Guy Sage Touraine,3430.00,USD,2020-09-02T09:34:55Z,2020-09-02
3709,47,550,Mangostein,4991.00,USD,2020-09-02T13:58:21Z,2020-09-02
5766,21,176,"Turkey - Breast, Bone - In",1446.00,USD,2020-09-02T21:38:37Z,2020-09-02
6148,32,448,Truffle - Peelings,3450.00,USD,2020-09-02T14:18:57Z,2020-09-02
5210,38,146,Beets - Mini Golden,4094.00,USD,2020-09-02T15:05:23Z,2020-09-02
2164,77,262,Cape Capensis - Fillet,804.00,USD,2020-09-02T14:41:08Z,2020-09-02
2570,77,221,Wine - Barolo Fontanafredda,934.00,USD,2020-09-02T12:57:45Z,2020-09-02
9543,23,705,Chips Potato Swt Chilli Sour,4249.00,USD,2020-09-02T05:23:02Z,2020-09-02
8639,7,667,Emulsifier,3888.00,USD,2020-09-02T03:44:34Z,2020-09-02
5545,89,781,Chocolate - Semi Sweet,3394.00,USD,2020-09-02T07:06:04Z,2020-09-02
1566,63,676,Soap - Hand Soap,3406.00,USD,2020-09-02T19:01:25Z,2020-09-02
4704,55,378,"Soup - Cream Of Broccoli, Dry",3505.00,USD,2020-09-02T07:46:27Z,2020-09-02
9715,89,817,Appetizer - Veg Assortment,2510.00,USD,2020-09-02T23:11:13Z,2020-09-02
6964,31,705,Lobak,4812.00,USD,2020-09-02T19:40:08Z,2020-09-02
8700,53,391,"Oil - Shortening,liqud, Fry",3401.00,USD,2020-09-02T02:12:15Z,2020-09-02
5664,7,356,Danishes - Mini Raspberry,4121.00,USD,2020-09-02T00:16:24Z,2020-09-02
1264,50,885,Coriander - Ground,2146.00,USD,2020-09-02T06:57:45Z,2020-09-02
2768,33,329,Cheese - Ricotta,4232.00,USD,2020-09-02T04:44:44Z,2020-09-02
3019,83,508,Pancetta,2622.00,USD,2020-09-02T14:54:13Z,2020-09-02
6945,67,590,Bay Leaf Ground,3342.00,USD,2020-09-02T20:34:35Z,2020-09-02
8990,20,144,Bread - Flat Bread,2096.00,USD,2020-09-02T18:05:33Z,2020-09-02
3773,50,258,Uniform Linen Charge,1684.00,USD,2020-09-02T06:40:08Z,2020-09-02
6398,42,239,Cornish Hen,4608.00,USD,2020-09-02T10:50:57Z,2020-09-02
4088,36,155,Broom Handle,3956.00,USD,2020-09-02T04:50:46Z,2020-09-02
1124,82,516,Beer - Blue Light,2848.00,USD,2020-09-02T19:03:20Z,2020-09-02
6763,2,550,"Asparagus - White, Canned",1508.00,USD,2020-09-02T13:34:59Z,2020-09-02
2736,13,443,"Tabasco Sauce, 2 Oz",3017.00,USD,2020-09-02T22:23:25Z,2020-09-02
4620,87,125,Longos - Grilled Chicken With,3459.00,USD,2020-09-02T23:38:05Z,2020-09-02
7783,15,681,Tequila Rose Cream Liquor,1313.00,USD,2020-09-02T07:46:29Z,2020-09-02
2106,76,881,"Soup - French Onion, Dry",1780.00,USD,2020-09-02T08:20:50Z,2020-09-02
6574,7,158,"Croissant, Raw - Mini",3727.00,USD,2020-09-02T11:51:12Z,2020-09-02
9059,34,343,Piping Jelly - All Colours,4994.00,USD,2020-09-02T14:26:58Z,2020-09-02
1497,6,137,Cardamon Seed / Pod,4814.00,USD,2020-09-02T08:57:56Z,2020-09-02
2753,57,379,"Seedlings - Mix, Organic",1615.00,USD,2020-09-02T13:05:01Z,2020-09-02
7065,43,820,Chocolate Liqueur - Godet White,4459.00,USD,2020-09-02T15:26:13Z,2020-09-02
8389,26,382,Cocoa Powder - Natural,4217.00,USD,2020-09-02T15:08:50Z,2020-09-02
3676,1,712,Sultanas,3206.00,USD,2020-09-02T10:55:29Z,2020-09-02
2564,83,348,Pastry - Apple Large,2755.00,USD,2020-09-02T04:17:38Z,2020-09-02
4434,74,816,Ecolab - Power Fusion,2792.00,USD,2020-09-02T16:38:30Z,2020-09-02
3239,38,162,Crab - Meat,2584.00,USD,2020-09-02T18:08:10Z,2020-09-02
2531,15,610,Loquat,1319.00,USD,2020-09-02T11:31:36Z,2020-09-02
6558,35,124,Broom And Broom Rack White,4506.00,USD,2020-09-02T11:17:00Z,2020-09-02
1552,32,351,"Quail - Whole, Boneless",2243.00,USD,2020-09-02T19:41:09Z,2020-09-02
9600,28,228,"Pail - 15l White, With Handle",4379.00,USD,2020-09-02T10:25:16Z,2020-09-02
1837,85,422,Beef - Ox Tongue,2059.00,USD,2020-09-02T12:13:08Z,2020-09-02
5937,98,299,Crab - Meat Combo,2253.00,USD,2020-09-02T15:59:47Z,2020-09-02
3126,93,703,Soup - Campbells Mac N Cheese,1505.00,USD,2020-09-02T06:39:02Z,2020-09-02
5577,60,650,Tomatoes - Yellow Hot House,3414.00,USD,2020-09-02T01:25:22Z,2020-09-02
7224,93,242,Cookies - Assorted,1385.00,USD,2020-09-02T09:07:01Z,2020-09-02
7070,14,566,Coffee - 10oz Cup 92961,4211.00,USD,2020-09-02T07:16:59Z,2020-09-02
5865,47,241,Salmon - Fillets,4575.00,USD,2020-09-02T10:31:05Z,2020-09-02
3222,82,550,Cheese - Gouda Smoked,2021.00,USD,2020-09-02T05:01:25Z,2020-09-02
2944,41,163,"Napkin - Dinner, White",880.00,USD,2020-09-02T12:16:36Z,2020-09-02
8386,84,545,Longos - Cheese Tortellini,792.00,USD,2020-09-02T10:00:29Z,2020-09-02
4516,27,444,Longos - Assorted Sandwich,3187.00,USD,2020-09-02T14:11:07Z,2020-09-02
3074,76,264,Cheese - Stilton,2705.00,USD,2020-09-02T15:33:23Z,2020-09-02
1126,47,780,Haggis,3750.00,USD,2020-09-02T11:23:52Z,2020-09-02
2016,49,375,Pork - Suckling Pig,772.00,USD,2020-09-02T21:41:53Z,2020-09-02
8400,71,588,Glove - Cutting,1872.00,USD,2020-09-02T15:43:52Z,2020-09-02
8218,45,656,Ginsing - Fresh,2774.00,USD,2020-09-02T11:29:51Z,2020-09-02
3508,50,189,Rum - Mount Gay Eclipes,3869.00,USD,2020-09-02T20:08:48Z,2020-09-02
7784,48,166,Cheese - Sheep Milk,4803.00,USD,2020-09-02T04:11:35Z,2020-09-02
8088,71,492,Passion Fruit,1415.00,USD,2020-09-02T04:13:02Z,2020-09-02
7727,50,552,"Wine - Magnotta, Merlot Sr Vqa",4721.00,USD,2020-09-02T12:55:58Z,2020-09-02
9329,94,836,Cheese - Provolone,3337.00,USD,2020-09-02T08:56:05Z,2020-09-02
2599,71,443,"Oil - Olive, Extra Virgin",1303.00,USD,2020-09-02T07:07:32Z,2020-09-02
1915,31,671,Bread - Pita,2482.00,USD,2020-09-02T04:36:00Z,2020-09-02
4286,14,893,Veal - Eye Of Round,2115.00,USD,2020-09-02T14:03:40Z,2020-09-02
2919,15,826,Yoplait - Strawbrasp Peac,1396.00,USD,2020-09-02T15:41:33Z,2020-09-02
6062,83,168,Pork - Shoulder,3271.00,USD,2020-09-02T15:16:36Z,2020-09-02
6408,88,134,Oysters - Smoked,3550.00,USD,2020-09-02T10:44:09Z,2020-09-02
8249,55,574,"Tomatoes - Vine Ripe, Red",3774.00,USD,2020-09-02T22:22:04Z,2020-09-02
4302,33,379,Muffin Hinge 117n,506.00,USD,2020-09-02T08:01:40Z,2020-09-02
3785,2,702,Beans - Butter Lrg Lima,1888.00,USD,2020-09-02T15:36:44Z,2020-09-02
8058,34,156,Sea Bass - Whole,1675.00,USD,2020-09-02T12:04:38Z,2020-09-02
6313,31,236,"Wine - Red, Antinori Santa",1729.00,USD,2020-09-02T22:17:53Z,2020-09-02
8534,78,697,Paper Towel Touchless,1620.00,USD,2020-09-02T11:14:57Z,2020-09-02
4182,79,335,Crab Brie In Phyllo,4262.00,USD,2020-09-02T07:48:49Z,2020-09-02
7316,97,846,Wine - Valpolicella Masi,4859.00,USD,2020-09-02T13:39:08Z,2020-09-02
8919,17,142,Eel - Smoked,3534.00,USD,2020-09-02T06:36:36Z,2020-09-02
2150,88,393,Gatorade - Cool Blue Raspberry,3225.00,USD,2020-09-02T16:20:12Z,2020-09-02
2128,82,521,Coffee Guatemala Dark,4890.00,USD,2020-09-02T16:02:51Z,2020-09-02
7473,27,560,Bread - Ciabatta Buns,2443.00,USD,2020-09-02T20:32:54Z,2020-09-02
8942,37,733,Anchovy Paste - 56 G Tube,860.00,USD,2020-09-02T19:25:46Z,2020-09-02
9602,44,559,Chocolate - Dark,4865.00,USD,2020-09-02T15:31:14Z,2020-09-02
7439,4,478,Steam Pan Full Lid,3098.00,USD,2020-09-02T18:51:49Z,2020-09-02
2285,80,200,Chef Hat 25cm,3654.00,USD,2020-09-02T03:12:05Z,2020-09-02
2664,67,547,Wine - Zinfandel California 2002,2042.00,USD,2020-09-02T00:51:57Z,2020-09-02
2798,89,423,Ecolab - Ster Bac,4413.00,USD,2020-09-02T01:12:07Z,2020-09-02
1737,37,544,Wine - Alicanca Vinho Verde,3180.00,USD,2020-09-02T13:34:57Z,2020-09-02
5435,27,772,Ice Cream - Vanilla,3451.00,USD,2020-09-02T22:28:40Z,2020-09-02
3150,22,762,Nantucket - Orange Mango Cktl,3453.00,USD,2020-09-02T22:17:27Z,2020-09-02
9895,78,406,Hagen Daza - Dk Choocolate,4424.00,USD,2020-09-02T20:54:52Z,2020-09-02
2804,83,597,"Lemonade - Island Tea, 591 Ml",4509.00,USD,2020-09-02T17:01:13Z,2020-09-02
7996,15,275,Flour - Rye,953.00,USD,2020-09-02T14:31:23Z,2020-09-02
7824,99,453,Calypso - Lemonade,3017.00,USD,2020-09-02T09:28:30Z,2020-09-02
1691,47,391,"Cheese - Cheddar, Old White",4908.00,USD,2020-09-02T08:26:08Z,2020-09-02
9969,85,210,Beer - Upper Canada Lager,2757.00,USD,2020-09-02T13:33:53Z,2020-09-02
5240,75,212,The Pop Shoppe - Lime Rickey,2202.00,USD,2020-09-02T08:55:22Z,2020-09-02
6126,95,108,Containter - 3oz Microwave Rect.,1950.00,USD,2020-09-02T21:52:31Z,2020-09-02
4480,8,647,Lobster - Live,2522.00,USD,2020-09-02T18:38:49Z,2020-09-02
5798,45,363,Crab - Imitation Flakes,1349.00,USD,2020-09-02T04:17:52Z,2020-09-02
3138,72,107,Momiji Oroshi Chili Sauce,1927.00,USD,2020-09-02T22:32:23Z,2020-09-02
8087,65,504,Water Chestnut - Canned,2199.00,USD,2020-09-02T18:16:36Z,2020-09-02
7688,76,159,Pickle - Dill,919.00,USD,2020-09-02T12:17:56Z,2020-09-02
3985,26,140,"Beans - Black Bean, Canned",4600.00,USD,2020-09-02T05:53:52Z,2020-09-02
9229,50,566,"Wine - Red, Cabernet Merlot",634.00,USD,2020-09-02T09:26:36Z,2020-09-02
2465,33,480,Pastry - Lemon Danish - Mini,1378.00,USD,2020-09-02T04:29:01Z,2020-09-02
4864,7,263,Vector Energy Bar,611.00,USD,2020-09-02T00:45:35Z,2020-09-02
4755,86,150,Compound - Pear,4829.00,USD,2020-09-02T13:51:39Z,2020-09-02
5535,83,697,Onions Granulated,4078.00,USD,2020-09-02T18:33:17Z,2020-09-02
3237,66,722,V8 Splash Strawberry Kiwi,776.00,USD,2020-09-02T09:35:12Z,2020-09-02
6483,27,637,"Coffee - Beans, Whole",3200.00,USD,2020-09-02T02:16:51Z,2020-09-02
5632,5,196,Mcgillicuddy Vanilla Schnap,4149.00,USD,2020-09-02T17:12:13Z,2020-09-02
5265,8,496,Wine - Alicanca Vinho Verde,2378.00,USD,2020-09-02T14:42:27Z,2020-09-02
3262,44,437,"Beans - Black Bean, Preserved",4193.00,USD,2020-09-02T21:58:17Z,2020-09-02
1951,82,127,Flower - Leather Leaf Fern,3064.00,USD,2020-09-02T14:22:47Z,2020-09-02
1201,12,574,Bread - Sour Batard,832.00,USD,2020-09-02T14:20:29Z,2020-09-02
5201,41,322,Wine - Valpolicella Masi,4651.00,USD,2020-09-02T22:42:05Z,2020-09-02
5419,3,807,"Cheese - Boursin, Garlic / Herbs",1397.00,USD,2020-09-02T23:07:05Z,2020-09-02
6479,62,231,Parsley - Dried,886.00,USD,2020-09-02T19:36:54Z,2020-09-02
6616,7,320,Pork - Backs - Boneless,3752.00,USD,2020-09-02T20:05:14Z,2020-09-02
3461,40,462,"Brownies - Two Bite, Chocolate",4821.00,USD,2020-09-02T04:44:18Z,2020-09-02
5322,85,704,Truffle Cups - White Paper,2662.00,USD,2020-09-02T20:53:46Z,2020-09-02
1014,97,490,Apples - Spartan,4505.00,USD,2020-09-02T09:49:06Z,2020-09-02
4979,39,502,Pike - Frozen Fillet,3001.00,USD,2020-09-02T13:04:02Z,2020-09-02
9709,22,813,Table Cloth 53x53 White,4098.00,USD,2020-09-02T06:37:49Z,2020-09-02
2865,86,498,Wine - Montecillo Rioja Crianza,2038.00,USD,2020-09-02T09:21:54Z,2020-09-02
3925,91,898,"Wine - Red, Cabernet Sauvignon",2974.00,USD,2020-09-02T00:17:51Z,2020-09-02
9612,94,451,Chicken Thigh - Bone Out,685.00,USD,2020-09-02T23:20:11Z,2020-09-02
7999,50,266,Bread - Italian Sesame Poly,2691.00,USD,2020-09-02T05:15:10Z,2020-09-02
4216,53,718,"Pasta - Elbows, Macaroni, Dry",3320.00,USD,2020-09-02T23:24:10Z,2020-09-02
5509,22,778,Wine - Stoneliegh Sauvignon,4331.00,USD,2020-09-02T17:06:25Z,2020-09-02
2381,98,492,Glove - Cutting,2381.00,USD,2020-09-02T09:40:08Z,2020-09-02
9669,21,254,Wine - Tio Pepe Sherry Fino,3095.00,USD,2020-09-02T13:13:49Z,2020-09-02
6887,12,306,Soup - Campbells Chili,3960.00,USD,2020-09-02T17:50:59Z,2020-09-02
4358,48,146,Wine - Guy Sage Touraine,3957.00,USD,2020-09-02T05:23:46Z,2020-09-02
8223,97,240,"Rum - Light, Captain Morgan",4558.00,USD,2020-09-02T04:50:15Z,2020-09-02
9238,68,163,Crab - Meat,805.00,USD,2020-09-02T03:27:30Z,2020-09-02
7476,85,426,Buffalo - Striploin,3817.00,USD,2020-09-02T16:37:08Z,2020-09-02
4062,76,875,Squeeze Bottle,3274.00,USD,2020-09-02T08:26:24Z,2020-09-02
9284,66,780,Chocolate - Sugar Free Semi Choc,1461.00,USD,2020-09-02T15:23:56Z,2020-09-02
8209,84,779,"Coconut - Shredded, Sweet",815.00,USD,2020-09-02T22:55:20Z,2020-09-02
8662,23,883,Cake Slab,3663.00,USD,2020-09-02T07:57:40Z,2020-09-02
9397,54,366,Dried Peach,2617.00,USD,2020-09-02T07:44:56Z,2020-09-02
9763,57,486,Crackers Cheez It,855.00,USD,2020-09-02T03:06:39Z,2020-09-02
8655,73,519,"Nut - Walnut, Chopped",2555.00,USD,2020-09-02T07:12:35Z,2020-09-02
2669,34,625,Energy Drink - Franks Original,4879.00,USD,2020-09-02T21:44:10Z,2020-09-02
4090,1,261,Table Cloth 54x54 White,4100.00,USD,2020-09-02T04:49:43Z,2020-09-02
3231,64,468,Mcgillicuddy Vanilla Schnap,1354.00,USD,2020-09-02T18:06:21Z,2020-09-02
9468,88,439,Cheese - Shred Cheddar / Mozza,3717.00,USD,2020-09-02T01:03:13Z,2020-09-02
1585,24,422,Beer - Rickards Red,3528.00,USD,2020-09-02T22:21:24Z,2020-09-02
4446,66,609,Plastic Wrap,2322.00,USD,2020-09-02T23:19:25Z,2020-09-02
4076,53,272,Smirnoff Green Apple Twist,3915.00,USD,2020-09-02T11:48:23Z,2020-09-02
4863,41,705,Muffin Carrot - Individual,3827.00,USD,2020-09-02T00:54:02Z,2020-09-02
8872,89,831,Crackers Cheez It,1919.00,USD,2020-09-02T16:14:45Z,2020-09-02
5163,28,700,Cookies - Englishbay Chochip,4355.00,USD,2020-09-02T17:43:02Z,2020-09-02
4422,40,412,"Orange - Canned, Mandarin",4098.00,USD,2020-09-02T17:29:04Z,2020-09-02
9024,14,168,Swordfish Loin Portions,2645.00,USD,2020-09-02T13:27:28Z,2020-09-02
6572,36,373,Ecolab - Ster Bac,4174.00,USD,2020-09-02T08:38:39Z,2020-09-02
8241,94,138,Table Cloth - 53x69 Colour,1238.00,USD,2020-09-02T13:38:20Z,2020-09-02
8655,26,701,Cup - 8oz Coffee Perforated,3484.00,USD,2020-09-02T05:11:42Z,2020-09-02
5647,64,733,"Brandy - Orange, Mc Guiness",3972.00,USD,2020-09-02T15:12:06Z,2020-09-02
3392,50,785,Cheese - Roquefort Pappillon,2573.00,USD,2020-09-02T01:42:34Z,2020-09-02
9557,4,622,Egg Patty Fried,1731.00,USD,2020-09-02T15:42:04Z,2020-09-02
1633,89,529,"Chicken - Leg, Boneless",4522.00,USD,2020-09-02T19:55:39Z,2020-09-02
3189,15,113,Seaweed Green Sheets,3728.00,USD,2020-09-02T14:28:44Z,2020-09-02
9055,94,724,Appetizer - Escargot Puff,1502.00,USD,2020-09-02T06:19:03Z,2020-09-02
8702,26,103,Pasta - Cheese / Spinach Bauletti,3334.00,USD,2020-09-02T09:43:24Z,2020-09-02
9996,82,317,Beer - True North Lager,4780.00,USD,2020-09-02T18:38:14Z,2020-09-02
3349,96,666,Tomato Paste,919.00,USD,2020-09-02T20:05:10Z,2020-09-02
2365,15,288,Plastic Wrap,4919.00,USD,2020-09-02T11:24:51Z,2020-09-02
7577,79,298,Cassis,3636.00,USD,2020-09-02T12:08:50Z,2020-09-02
6406,86,473,Lettuce - Treviso,2942.00,USD,2020-09-02T13:06:50Z,2020-09-02
3300,99,545,Cream - 10%,4297.00,USD,2020-09-02T21:31:49Z,2020-09-02
3036,2,227,Beer - Muskoka Cream Ale,2300.00,USD,2020-09-02T02:51:08Z,2020-09-02
5391,10,604,Soup - Campbells Bean Medley,1815.00,USD,2020-09-02T07:09:04Z,2020-09-02
9414,88,770,Waffle Stix,4368.00,USD,2020-09-02T20:33:19Z,2020-09-02
1006,47,323,Godiva White Chocolate,1014.00,USD,2020-09-02T19:58:54Z,2020-09-02
4946,57,331,Ketchup - Tomato,1988.00,USD,2020-09-02T03:27:24Z,2020-09-02
1434,36,101,Blueberries,1184.00,USD,2020-09-02T09:47:39Z,2020-09-02
4210,15,271,"Wine - White, Cooking",3614.00,USD,2020-09-02T07:20:51Z,2020-09-02
2673,81,356,Wine - Cotes Du Rhone,1873.00,USD,2020-09-02T08:15:24Z,2020-09-02
9970,96,879,Butter Balls Salted,4574.00,USD,2020-09-02T13:15:19Z,2020-09-02
3548,81,281,Petit Baguette,1672.00,USD,2020-09-02T14:31:59Z,2020-09-02
5749,71,424,Foam Cup 6 Oz,4513.00,USD,2020-09-02T10:16:36Z,2020-09-02
7308,86,641,Muffin - Banana Nut Individual,3675.00,USD,2020-09-02T22:26:11Z,2020-09-02
7494,4,631,Calypso - Black Cherry Lemonade,1528.00,USD,2020-09-02T16:03:58Z,2020-09-02
3126,71,842,"Crab - Claws, 26 - 30",2188.00,USD,2020-09-02T05:08:27Z,2020-09-02
2227,80,643,White Fish - Filets,2329.00,USD,2020-09-02T15:09:08Z,2020-09-02
1398,19,761,Filling - Mince Meat,1848.00,USD,2020-09-02T03:42:18Z,2020-09-02
3483,30,629,Veal - Sweetbread,3861.00,USD,2020-09-02T05:33:47Z,2020-09-02
5085,82,510,Filling - Mince Meat,3215.00,USD,2020-09-02T13:41:36Z,2020-09-02
2924,58,398,Sauce - Rosee,1272.00,USD,2020-09-02T17:55:34Z,2020-09-02
9225,69,572,Rice - 7 Grain Blend,2580.00,USD,2020-09-02T09:12:11Z,2020-09-02
5036,71,752,Ham - Cooked Bayonne Tinned,1452.00,USD,2020-09-02T15:58:39Z,2020-09-02
4734,85,830,Pop - Club Soda Can,2634.00,USD,2020-09-02T20:27:25Z,2020-09-02
9561,26,349,"Lemonade - Strawberry, 591 Ml",4549.00,USD,2020-09-02T03:41:31Z,2020-09-02
1045,84,773,Yogurt - Assorted Pack,3111.00,USD,2020-09-02T03:12:39Z,2020-09-02
3081,87,580,"Lemonade - Strawberry, 591 Ml",4858.00,USD,2020-09-02T14:51:51Z,2020-09-02
2272,94,315,Crackers - Graham,584.00,USD,2020-09-02T23:32:17Z,2020-09-02
1263,44,317,Heavy Duty Dust Pan,4965.00,USD,2020-09-02T07:49:41Z,2020-09-02
9395,81,669,Puree - Passion Fruit,3187.00,USD,2020-09-02T13:24:22Z,2020-09-02
4326,55,200,Vinegar - Cider,3422.00,USD,2020-09-02T19:45:26Z,2020-09-02
7898,75,233,Green Tea Refresher,1598.00,USD,2020-09-02T13:28:05Z,2020-09-02
7447,83,417,Juice - Lime,2470.00,USD,2020-09-02T15:14:32Z,2020-09-02
4129,9,171,Petit Baguette,4943.00,USD,2020-09-02T10:27:37Z,2020-09-02
8570,30,351,"Juice - Grape, White",2250.00,USD,2020-09-02T11:23:27Z,2020-09-02
7420,93,328,Blueberries,557.00,USD,2020-09-02T01:14:17Z,2020-09-02
1076,28,171,Wiberg Super Cure,4908.00,USD,2020-09-02T01:35:20Z,2020-09-02
6704,1,669,Wine - Duboeuf Beaujolais,1891.00,USD,2020-09-02T17:42:12Z,2020-09-02
8380,30,785,Mix - Cocktail Ice Cream,735.00,USD,2020-09-02T11:52:13Z,2020-09-02
1426,9,120,"Stock - Veal, White",625.00,USD,2020-09-02T12:20:04Z,2020-09-02
6060,88,296,Beer - Pilsner Urquell,3641.00,USD,2020-09-02T10:46:17Z,2020-09-02
2894,7,159,"Juice - Clam, 46 Oz",4957.00,USD,2020-09-02T19:47:50Z,2020-09-02
7474,61,855,Salt - Kosher,2661.00,USD,2020-09-02T10:08:02Z,2020-09-02
5062,68,688,Basil - Fresh,855.00,USD,2020-09-02T01:50:56Z,2020-09-02
5439,95,470,Chocolate Eclairs,2370.00,USD,2020-09-02T08:41:27Z,2020-09-02
1209,89,503,Salt - Sea,562.00,USD,2020-09-02T06:02:05Z,2020-09-02
1361,56,622,Bandage - Fexible 1x3,4954.00,USD,2020-09-02T14:03:57Z,2020-09-02
7360,18,277,Plasticknivesblack,1876.00,USD,2020-09-02T22:38:39Z,2020-09-02
5659,100,434,Beans - French,3942.00,USD,2020-09-02T16:09:47Z,2020-09-02
9103,14,861,Vinegar - Balsamic,981.00,USD,2020-09-02T13:17:51Z,2020-09-02
1610,9,208,Monkfish - Fresh,3925.00,USD,2020-09-02T20:59:23Z,2020-09-02
3962,76,415,Basil - Thai,757.00,USD,2020-09-02T18:14:07Z,2020-09-02
4006,88,390,Sobe - Lizard Fuel,1459.00,USD,2020-09-02T00:44:36Z,2020-09-02
8106,93,455,Garam Marsala,697.00,USD,2020-09-02T16:20:01Z,2020-09-02
3779,44,643,Clementine,3410.00,USD,2020-09-02T15:02:41Z,2020-09-02
2308,98,537,"C - Plus, Orange",2933.00,USD,2020-09-02T03:00:43Z,2020-09-02
2480,65,891,Tea - Green,1272.00,USD,2020-09-02T23:26:45Z,2020-09-02
6221,70,734,Wood Chips - Regular,974.00,USD,2020-09-02T23:09:19Z,2020-09-02
8758,17,516,Glass Clear 7 Oz Xl,2401.00,USD,2020-09-02T16:17:38Z,2020-09-02
2410,69,566,Cocoa Powder - Dutched,692.00,USD,2020-09-02T11:26:24Z,2020-09-02
9535,22,145,Lettuce - Boston Bib,1207.00,USD,2020-09-02T01:24:09Z,2020-09-02
1502,4,751,Steam Pan - Half Size Deep,4286.00,USD,2020-09-02T15:21:31Z,2020-09-02
7045,94,225,Tea - Apple Green Tea,1308.00,USD,2020-09-02T15:03:51Z,2020-09-02
9268,67,841,Creamers - 10%,2520.00,USD,2020-09-02T12:31:29Z,2020-09-02
3475,14,354,Puree - Mango,4192.00,USD,2020-09-02T19:20:51Z,2020-09-02
5402,52,835,"Bread - Dark Rye, Loaf",639.00,USD,2020-09-02T17:10:13Z,2020-09-02
8151,21,779,Napkin White,938.00,USD,2020-09-02T13:21:40Z,2020-09-02
9642,58,602,Orange - Blood,538.00,USD,2020-09-02T16:24:00Z,2020-09-02
5922,88,716,Bread - Petit Baguette,1639.00,USD,2020-09-02T09:13:05Z,2020-09-02
2656,82,726,"Rosemary - Primerba, Paste",2474.00,USD,2020-09-02T08:08:52Z,2020-09-02
1511,30,293,Soup Campbells Beef With Veg,4644.00,USD,2020-09-02T13:38:48Z,2020-09-02
3177,5,235,Wine - Piper Heidsieck Brut,3461.00,USD,2020-09-02T06:13:37Z,2020-09-02
1568,72,723,Asparagus - Mexican,4177.00,USD,2020-09-02T01:28:33Z,2020-09-02
8631,11,861,Danishes - Mini Cheese,3087.00,USD,2020-09-02T10:20:57Z,2020-09-02
2351,87,606,Muffin - Mix - Creme Brule 15l,2976.00,USD,2020-09-02T22:51:20Z,2020-09-02
5511,55,786,Bar - Granola Trail Mix Fruit Nut,3238.00,USD,2020-09-02T07:57:36Z,2020-09-02
4232,47,203,Tomato - Peeled Italian Canned,1107.00,USD,2020-09-02T20:47:01Z,2020-09-02
7809,91,239,Silicone Paper 16.5x24,2004.00,USD,2020-09-02T21:26:19Z,2020-09-02
4468,33,245,Bagelers - Cinn / Brown Sugar,4496.00,USD,2020-09-02T15:25:47Z,2020-09-02
9792,52,413,Milk - Skim,1974.00,USD,2020-09-02T19:34:59Z,2020-09-02
4956,15,777,Sobe - Tropical Energy,3209.00,USD,2020-09-02T09:42:03Z,2020-09-02
3282,85,421,Grenadine,2376.00,USD,2020-09-02T00:02:10Z,2020-09-02
9433,76,400,Mustard Prepared,3801.00,USD,2020-09-02T16:05:47Z,2020-09-02
6967,61,582,Canada Dry,3432.00,USD,2020-09-02T09:24:33Z,2020-09-02
3208,16,863,Pasta - Fusili Tri - Coloured,1435.00,USD,2020-09-02T04:52:14Z,2020-09-02
2013,6,639,Shrimp - Black Tiger 13/15,579.00,USD,2020-09-02T06:36:45Z,2020-09-02
9823,40,199,Beans - Fava Fresh,2812.00,USD,2020-09-02T06:09:36Z,2020-09-02
2422,56,510,Pate - Cognac,2380.00,USD,2020-09-02T03:12:07Z,2020-09-02
9453,9,623,"Tomatoes - Vine Ripe, Red",612.00,USD,2020-09-02T19:36:50Z,2020-09-02
8392,24,110,Pork - Smoked Kassler,4261.00,USD,2020-09-02T23:06:05Z,2020-09-02
1303,84,894,Pepper - Jalapeno,1656.00,USD,2020-09-02T09:26:41Z,2020-09-02
8686,24,782,Sansho Powder,1731.00,USD,2020-09-02T17:21:36Z,2020-09-02
6634,66,803,Sauce - Rosee,1190.00,USD,2020-09-02T22:06:48Z,2020-09-02
8610,70,719,Cherries - Fresh,2428.00,USD,2020-09-02T15:47:22Z,2020-09-02
3343,68,255,"Beans - Kidney, Canned",3395.00,USD,2020-09-02T02:30:33Z,2020-09-02
3094,66,134,"Oil - Food, Lacquer Spray",4467.00,USD,2020-09-02T02:41:41Z,2020-09-02
2524,19,726,Bread - Italian Roll With Herbs,536.00,USD,2020-09-02T16:16:40Z,2020-09-02
3983,90,382,Beef - Ground Medium,3468.00,USD,2020-09-02T03:08:05Z,2020-09-02
4760,44,230,Sprouts - Pea,1034.00,USD,2020-09-02T21:49:23Z,2020-09-02
1916,76,391,Cake - Miini Cheesecake Cherry,1751.00,USD,2020-09-02T04:55:48Z,2020-09-02
5223,61,662,Wine - Rosso Del Veronese Igt,2463.00,USD,2020-09-02T10:07:11Z,2020-09-02
4348,41,212,Beef - Shank,544.00,USD,2020-09-02T12:17:17Z,2020-09-02
7441,99,637,Beer - Camerons Auburn,4028.00,USD,2020-09-02T13:20:12Z,2020-09-02
9631,27,103,Pastry - Choclate Baked,1171.00,USD,2020-09-02T17:45:37Z,2020-09-02
9266,84,146,Paste - Black Olive,4666.00,USD,2020-09-02T05:08:13Z,2020-09-02
2505,17,400,Quail Eggs - Canned,1320.00,USD,2020-09-02T13:00:18Z,2020-09-02
4545,68,900,"Gin - Gilbeys London, Dry",3340.00,USD,2020-09-02T09:09:48Z,2020-09-02
3347,57,464,Wine - Pinot Noir Mondavi Coastal,3507.00,USD,2020-09-02T18:21:28Z,2020-09-02
9232,44,559,Poppy Seed,1084.00,USD,2020-09-02T00:53:51Z,2020-09-02
3701,78,894,Wine - Lou Black Shiraz,4305.00,USD,2020-09-02T19:49:44Z,2020-09-02
4076,29,160,Flour - Strong,4013.00,USD,2020-09-02T01:40:09Z,2020-09-02
6978,25,756,Peppercorns - Green,4237.00,USD,2020-09-02T23:19:38Z,2020-09-02
9517,46,268,Soup - Campbells Beef Noodle,603.00,USD,2020-09-02T07:37:32Z,2020-09-02
7159,2,674,Samosa - Veg,3645.00,USD,2020-09-02T08:36:56Z,2020-09-02
5944,67,756,Tuna - Yellowfin,904.00,USD,2020-09-02T02:16:38Z,2020-09-02
7278,74,263,Beets,1975.00,USD,2020-09-02T03:04:08Z,2020-09-02
8833,51,577,Table Cloth 54x54 Colour,1969.00,USD,2020-09-02T05:42:51Z,2020-09-02
2105,37,156,"Fish - Atlantic Salmon, Cold",554.00,USD,2020-09-02T20:08:43Z,2020-09-02
2590,82,259,Veal - Inside,2373.00,USD,2020-09-02T17:04:33Z,2020-09-02
8407,29,877,Apples - Spartan,4932.00,USD,2020-09-02T05:18:40Z,2020-09-02
3592,74,877,Amaretto,4090.00,USD,2020-09-02T02:18:12Z,2020-09-02
4989,12,418,"Cheese - Boursin, Garlic / Herbs",3296.00,USD,2020-09-02T22:22:02Z,2020-09-02
3341,95,820,Melon - Cantaloupe,1528.00,USD,2020-09-02T07:57:54Z,2020-09-02
1014,56,454,"Beans - Navy, Dry",1341.00,USD,2020-09-02T23:54:18Z,2020-09-02
1674,61,344,Soup Knorr Chili With Beans,720.00,USD,2020-09-02T01:45:38Z,2020-09-02
3819,99,274,Bandage - Fexible 1x3,2808.00,USD,2020-09-02T01:57:40Z,2020-09-02
2412,46,170,Tea - Apple Green Tea,1432.00,USD,2020-09-02T01:00:12Z,2020-09-02
9591,34,348,Croissants Thaw And Serve,1689.00,USD,2020-09-02T14:51:25Z,2020-09-02
3039,14,860,"Stock - Beef, White",4754.00,USD,2020-09-02T20:38:01Z,2020-09-02
1020,50,718,"Iced Tea - Lemon, 460 Ml",3798.00,USD,2020-09-02T06:23:02Z,2020-09-02
8112,30,217,Broom Handle,3430.00,USD,2020-09-02T15:29:27Z,2020-09-02
4178,22,676,"Jam - Blackberry, 20 Ml Jar",4250.00,USD,2020-09-02T10:41:02Z,2020-09-02
4626,99,413,Plums - Red,2767.00,USD,2020-09-02T17:32:38Z,2020-09-02
3044,82,130,Phyllo Dough,557.00,USD,2020-09-02T04:16:08Z,2020-09-02
8142,81,892,"Croissant, Raw - Mini",814.00,USD,2020-09-02T12:25:56Z,2020-09-02
5026,56,865,Flax Seed,3206.00,USD,2020-09-02T13:59:57Z,2020-09-02
6980,55,258,Potatoes - Mini White 3 Oz,857.00,USD,2020-09-02T03:50:04Z,2020-09-02
4406,42,583,"Bread - Rolls, Rye",907.00,USD,2020-09-02T02:49:21Z,2020-09-02
5426,29,590,Cream Of Tartar,622.00,USD,2020-09-02T15:42:43Z,2020-09-02
5146,25,743,Coffee - Dark Roast,2448.00,USD,2020-09-02T17:59:05Z,2020-09-02
5454,29,592,Appetizer - Mango Chevre,4032.00,USD,2020-09-02T20:55:24Z,2020-09-02
3321,5,884,Cardamon Seed / Pod,838.00,USD,2020-09-02T07:31:47Z,2020-09-02
8792,31,437,Sour Puss - Tangerine,1223.00,USD,2020-09-02T07:15:14Z,2020-09-02
3764,79,623,Lighter - Bbq,4823.00,USD,2020-09-02T19:29:42Z,2020-09-02
3720,8,133,Banana,3946.00,USD,2020-09-02T19:47:37Z,2020-09-02
2993,48,251,"Beer - Alexander Kieths, Pale Ale",4332.00,USD,2020-09-02T01:13:10Z,2020-09-02
7021,55,129,Bread - Olive Dinner Roll,4568.00,USD,2020-09-02T11:43:43Z,2020-09-02
9869,59,209,Pea - Snow,3611.00,USD,2020-09-02T14:49:49Z,2020-09-02
6910,87,868,"Flour - Buckwheat, Dark",2301.00,USD,2020-09-02T06:55:55Z,2020-09-02
2929,80,470,"Bread - Bagels, Plain",1162.00,USD,2020-09-02T10:33:21Z,2020-09-02
5640,100,137,Pork Loin Cutlets,1675.00,USD,2020-09-02T23:16:26Z,2020-09-02
9811,98,299,Cookie Dough - Peanut Butter,1396.00,USD,2020-09-02T16:27:11Z,2020-09-02
3006,35,714,Soup - Campbells Bean Medley,4975.00,USD,2020-09-02T13:59:50Z,2020-09-02
7596,92,426,Jameson Irish Whiskey,3914.00,USD,2020-09-02T03:04:08Z,2020-09-02
8364,25,720,Carbonated Water - Blackcherry,2905.00,USD,2020-09-02T07:39:21Z,2020-09-02
4042,80,489,Beef - Kobe Striploin,710.00,USD,2020-09-02T18:24:04Z,2020-09-02
6195,6,367,Smoked Tongue,1763.00,USD,2020-09-02T07:05:46Z,2020-09-02
4415,36,787,"Salmon - Atlantic, Fresh, Whole",3372.00,USD,2020-09-02T21:52:02Z,2020-09-02
2376,87,649,Tarts Assorted,2580.00,USD,2020-09-02T10:33:22Z,2020-09-02
2113,93,622,Table Cloth 54x72 White,711.00,USD,2020-09-02T06:41:38Z,2020-09-02
4480,64,838,Banana Turning,1272.00,USD,2020-09-02T09:31:21Z,2020-09-02
9453,10,391,Lettuce - Baby Salad Greens,3133.00,USD,2020-09-02T16:17:11Z,2020-09-02
2292,68,375,"Cup - 3.5oz, Foam",850.00,USD,2020-09-02T02:52:46Z,2020-09-02
7129,43,594,Pears - Fiorelle,4597.00,USD,2020-09-02T11:33:18Z,2020-09-02
8076,66,667,Bread - Italian Corn Meal Poly,2404.00,USD,2020-09-02T13:18:13Z,2020-09-02
9703,53,678,Ecolab - Hobart Washarm End Cap,1880.00,USD,2020-09-02T18:07:29Z,2020-09-02
9318,5,487,"Beans - Black Bean, Dry",733.00,USD,2020-09-02T18:34:37Z,2020-09-02
7673,23,169,Table Cloth 62x120 Colour,3391.00,USD,2020-09-02T00:13:17Z,2020-09-02
2614,40,292,"Pork - Tenderloin, Frozen",2632.00,USD,2020-09-02T08:00:32Z,2020-09-02
2160,96,359,Icecream Cone - Areo Chocolate,3198.00,USD,2020-09-02T02:27:34Z,2020-09-02
3116,73,196,"Turkey - Whole, Fresh",2632.00,USD,2020-09-02T18:47:51Z,2020-09-02
2139,44,766,Coffee - Egg Nog Capuccino,2942.00,USD,2020-09-02T14:58:00Z,2020-09-02
4439,81,576,Piping Jelly - All Colours,4953.00,USD,2020-09-02T17:45:34Z,2020-09-02
8620,8,476,Wine - Magnotta - Belpaese,2601.00,USD,2020-09-02T12:55:56Z,2020-09-02
9428,49,653,Wine - Riesling Alsace Ac 2001,2554.00,USD,2020-09-02T06:53:06Z,2020-09-02
7625,20,829,Oneshot Automatic Soap System,1419.00,USD,2020-09-02T03:26:21Z,2020-09-02
5641,2,208,Bread - Corn Muffaletta,4930.00,USD,2020-09-02T18:08:10Z,2020-09-02
6463,5,136,"Iced Tea - Lemon, 460 Ml",3517.00,USD,2020-09-02T08:16:33Z,2020-09-02
8383,99,753,Hot Chocolate - Individual,2792.00,USD,2020-09-02T14:59:39Z,2020-09-02
3889,9,762,Petit Baguette,2469.00,USD,2020-09-02T09:45:42Z,2020-09-02
6633,4,196,Containter - 3oz Microwave Rect.,4192.00,USD,2020-09-02T13:52:18Z,2020-09-02
1217,25,107,Apricots Fresh,4221.00,USD,2020-09-02T09:20:23Z,2020-09-02
4559,31,861,Bread - White Epi Baguette,1481.00,USD,2020-09-02T00:22:43Z,2020-09-02
7269,96,774,Yeast Dry - Fermipan,2986.00,USD,2020-09-02T14:19:13Z,2020-09-02
6004,35,531,Butcher Twine 4r,1395.00,USD,2020-09-02T01:51:47Z,2020-09-02
8074,51,624,Pear - Halves,4331.00,USD,2020-09-02T01:24:55Z,2020-09-02
2125,19,466,Muffin Mix - Banana Nut,2938.00,USD,2020-09-02T03:04:52Z,2020-09-02
6978,95,261,Honey - Comb,3098.00,USD,2020-09-02T03:01:16Z,2020-09-02
3684,21,582,Sausage - Andouille,4605.00,USD,2020-09-02T12:04:09Z,2020-09-02
7282,11,372,Monkfish Fresh - Skin Off,3426.00,USD,2020-09-02T02:32:03Z,2020-09-02
1193,66,702,"Wine - White, Antinore Orvieto",4327.00,USD,2020-09-02T17:38:56Z,2020-09-02
4963,9,643,Sugar - Icing,4679.00,USD,2020-09-02T06:46:43Z,2020-09-02
5690,33,375,Caviar - Salmon,594.00,USD,2020-09-02T18:57:10Z,2020-09-02
2211,68,571,"Tomatoes - Cherry, Yellow",3449.00,USD,2020-09-02T10:56:36Z,2020-09-02
1271,52,661,"Wine - Red, Gamay Noir",4990.00,USD,2020-09-02T12:06:44Z,2020-09-02
7001,44,295,Onions - Pearl,2868.00,USD,2020-09-02T09:55:48Z,2020-09-02
9399,47,548,"Wine - Magnotta, White",617.00,USD,2020-09-02T14:29:16Z,2020-09-02
4870,97,601,Pants Custom Dry Clean,4251.00,USD,2020-09-02T14:22:30Z,2020-09-02
6957,100,879,Tea - Apple Green Tea,3414.00,USD,2020-09-02T13:08:29Z,2020-09-02
1407,1,537,Steel Wool S.o.s,4967.00,USD,2020-09-02T01:38:28Z,2020-09-02
2132,14,273,"Oil - Truffle, Black",4660.00,USD,2020-09-02T14:11:27Z,2020-09-02
3273,100,371,Goat - Leg,2834.00,USD,2020-09-02T20:12:18Z,2020-09-02
4789,64,645,Milk - Skim,3786.00,USD,2020-09-02T22:14:11Z,2020-09-02
2216,88,823,Beef - Striploin Aa,3460.00,USD,2020-09-02T04:08:19Z,2020-09-02
9075,94,174,Bread - Ciabatta Buns,1947.00,USD,2020-09-02T12:39:12Z,2020-09-02
7280,95,573,Garlic,1371.00,USD,2020-09-02T06:19:21Z,2020-09-02
7815,55,192,Cake - Night And Day Choclate,1357.00,USD,2020-09-02T04:57:07Z,2020-09-02
3272,7,461,Soap - Mr.clean Floor Soap,4543.00,USD,2020-09-02T17:44:24Z,2020-09-02
9043,89,231,Island Oasis - Raspberry,2378.00,USD,2020-09-02T04:04:00Z,2020-09-02
7757,86,339,Tea - Herbal Sweet Dreams,3813.00,USD,2020-09-02T12:08:27Z,2020-09-02
9840,58,846,Plasticspoonblack,1979.00,USD,2020-09-02T22:25:56Z,2020-09-02
5516,13,320,Artichokes - Jerusalem,1903.00,USD,2020-09-02T14:33:17Z,2020-09-02
9625,97,163,Steel Wool S.o.s,1420.00,USD,2020-09-02T23:47:20Z,2020-09-02
2182,81,358,Lambcasing,3088.00,USD,2020-09-02T13:00:36Z,2020-09-02
5173,44,842,Ham - Cooked,1219.00,USD,2020-09-02T18:16:55Z,2020-09-02
7745,96,878,Daves Island Stinger,746.00,USD,2020-09-02T23:15:36Z,2020-09-02
1563,76,401,Water - San Pellegrino,2834.00,USD,2020-09-02T17:58:51Z,2020-09-02
7236,24,583,Pork - Bacon Cooked Slcd,4661.00,USD,2020-09-02T08:50:21Z,2020-09-02
5094,73,541,Lettuce - Sea / Sea Asparagus,1089.00,USD,2020-09-02T16:47:48Z,2020-09-02
2699,64,852,Veal - Liver,4052.00,USD,2020-09-02T22:02:33Z,2020-09-02
3600,19,628,"Mushroom - Trumpet, Dry",2613.00,USD,2020-09-02T00:51:44Z,2020-09-02
4498,68,837,Cookie Dough - Oatmeal Rasin,617.00,USD,2020-09-02T16:06:25Z,2020-09-02
2111,94,743,Bread - Sour Batard,4322.00,USD,2020-09-02T08:13:28Z,2020-09-02
1427,58,470,Tomato - Green,4707.00,USD,2020-09-02T07:03:20Z,2020-09-02
8296,32,205,Rice - Brown,2980.00,USD,2020-09-02T12:50:57Z,2020-09-02
6096,93,657,Jolt Cola,3642.00,USD,2020-09-02T13:48:17Z,2020-09-02
8740,56,744,Potatoes - Fingerling 4 Oz,2434.00,USD,2020-09-02T09:27:07Z,2020-09-02
3198,81,893,Orange Roughy 4/6 Oz,656.00,USD,2020-09-02T22:22:36Z,2020-09-02
4417,81,623,Butter Sweet,4476.00,USD,2020-09-02T03:36:05Z,2020-09-02
6699,80,144,"Wine - Bourgogne 2002, La",4853.00,USD,2020-09-02T03:23:29Z,2020-09-02
7889,50,639,Cheese Cloth No 60,1445.00,USD,2020-09-02T07:13:36Z,2020-09-02
2817,47,784,Rosemary - Fresh,600.00,USD,2020-09-02T08:17:45Z,2020-09-02
1770,52,844,Wine - Manischewitz Concord,4773.00,USD,2020-09-02T23:06:02Z,2020-09-02
1767,97,297,Beer - True North Strong Ale,1514.00,USD,2020-09-02T23:36:13Z,2020-09-02
1017,76,309,Parsnip,4011.00,USD,2020-09-02T00:13:32Z,2020-09-02
4486,52,176,Nantucket Pine Orangebanana,597.00,USD,2020-09-02T16:40:33Z,2020-09-02
1178,1,496,Wine - Touraine Azay - Le - Rideau,2521.00,USD,2020-09-02T09:40:31Z,2020-09-02
9882,57,866,Oil - Grapeseed Oil,804.00,USD,2020-09-02T14:07:16Z,2020-09-02
4976,91,455,Oil - Pumpkinseed,4922.00,USD,2020-09-02T04:11:41Z,2020-09-02
3036,53,102,Wine - Fat Bastard Merlot,2107.00,USD,2020-09-02T05:52:27Z,2020-09-02
5520,87,716,Lettuce - Boston Bib - Organic,3404.00,USD,2020-09-02T09:11:30Z,2020-09-02
9360,14,119,Onions - Vidalia,747.00,USD,2020-09-02T06:59:57Z,2020-09-02
7402,14,154,Chocolate Eclairs,2206.00,USD,2020-09-02T09:35:37Z,2020-09-02
2653,96,411,Blue Curacao - Marie Brizard,2317.00,USD,2020-09-02T07:17:42Z,2020-09-02
8736,24,293,"Coffee - Colombian, Portioned",4229.00,USD,2020-09-02T12:21:27Z,2020-09-02
4724,40,651,Flax Seed,1004.00,USD,2020-09-02T18:00:28Z,2020-09-02
7871,52,794,Bagels Poppyseed,540.00,USD,2020-09-02T21:28:46Z,2020-09-02
3124,54,312,"Nut - Walnut, Pieces",1191.00,USD,2020-09-02T22:44:28Z,2020-09-02
9592,86,244,Cheese - Pont Couvert,2671.00,USD,2020-09-02T05:54:08Z,2020-09-02
1409,76,124,Banana - Green,2255.00,USD,2020-09-02T04:07:23Z,2020-09-02
9643,4,551,Anchovy Paste - 56 G Tube,2753.00,USD,2020-09-02T05:37:03Z,2020-09-02
3249,45,753,Wine - Chateau Aqueria Tavel,1442.00,USD,2020-09-02T15:30:12Z,2020-09-02
9292,75,148,"Cake Circle, Paprus",1984.00,USD,2020-09-02T19:48:50Z,2020-09-02
2697,38,545,Grapes - Black,3664.00,USD,2020-09-02T12:47:36Z,2020-09-02
7578,12,642,"Potatoes - Purple, Organic",4290.00,USD,2020-09-02T02:45:14Z,2020-09-02
7645,10,780,Beer - Tetleys,2786.00,USD,2020-09-02T13:18:32Z,2020-09-02
6711,45,767,"Crush - Grape, 355 Ml",2935.00,USD,2020-09-02T22:56:09Z,2020-09-02
6961,25,826,"Pork - Bacon, Double Smoked",3468.00,USD,2020-09-02T09:24:03Z,2020-09-02
6978,89,410,Scallops - In Shell,1886.00,USD,2020-09-02T07:04:32Z,2020-09-02
5043,43,393,Island Oasis - Mango Daiquiri,2808.00,USD,2020-09-02T14:46:40Z,2020-09-02
1817,95,441,Truffle Cups - Brown,4199.00,USD,2020-09-02T07:55:55Z,2020-09-02
1956,70,296,Onion - Dried,3344.00,USD,2020-09-02T00:11:25Z,2020-09-02
8205,25,316,Cream - 18%,1921.00,USD,2020-09-02T18:44:26Z,2020-09-02
3267,98,132,Salt - Sea,1624.00,USD,2020-09-02T21:14:01Z,2020-09-02
9638,29,303,Remy Red,694.00,USD,2020-09-02T10:56:09Z,2020-09-02
5062,34,722,Butcher Twine 4r,4903.00,USD,2020-09-02T09:55:20Z,2020-09-02
4177,71,687,Tomatillo,3440.00,USD,2020-09-02T18:31:02Z,2020-09-02
8455,80,160,Cake - Night And Day Choclate,904.00,USD,2020-09-02T11:47:00Z,2020-09-02
5066,76,776,Bread Roll Foccacia,1195.00,USD,2020-09-02T13:28:43Z,2020-09-02
2425,20,567,Mix - Cocktail Strawberry Daiquiri,2043.00,USD,2020-09-02T05:22:41Z,2020-09-02
6953,5,686,"Pepper - Black, Whole",3699.00,USD,2020-09-02T15:14:15Z,2020-09-02
7874,75,573,"Soup - Beef Conomme, Dry",2148.00,USD,2020-09-02T18:05:14Z,2020-09-02
3950,3,751,Wine - Magnotta - Cab Sauv,2549.00,USD,2020-09-02T02:52:29Z,2020-09-02
1124,3,557,Green Scrubbie Pad H.duty,3298.00,USD,2020-09-02T08:50:40Z,2020-09-02
2136,48,368,Pepper - Sorrano,890.00,USD,2020-09-02T16:48:15Z,2020-09-02
5487,16,878,"Melon - Watermelon, Seedless",2394.00,USD,2020-09-02T17:31:17Z,2020-09-02
9106,24,543,Longos - Burritos,816.00,USD,2020-09-02T10:56:09Z,2020-09-02
4153,8,236,Pastry - Cheese Baked Scones,935.00,USD,2020-09-02T07:42:54Z,2020-09-02
7840,96,461,"Crab - Dungeness, Whole",3641.00,USD,2020-09-02T01:44:31Z,2020-09-02
2114,80,528,Figs,4455.00,USD,2020-09-02T11:48:14Z,2020-09-02
5079,79,138,Coffee - Espresso,2735.00,USD,2020-09-02T01:26:37Z,2020-09-02
8082,67,398,Ginger - Pickled,4418.00,USD,2020-09-02T23:49:54Z,2020-09-02
1985,26,157,Beans - French,3000.00,USD,2020-09-02T11:33:46Z,2020-09-02
4692,9,248,Carbonated Water - Wildberry,3336.00,USD,2020-09-02T14:35:55Z,2020-09-02
4861,90,286,Wine - Muscadet Sur Lie,3762.00,USD,2020-09-02T19:38:43Z,2020-09-02
6881,100,125,Bagel - Plain,575.00,USD,2020-09-02T21:29:38Z,2020-09-02
6595,22,409,Capers - Ox Eye Daisy,4685.00,USD,2020-09-02T03:14:15Z,2020-09-02
5235,7,243,Sword Pick Asst,4049.00,USD,2020-09-02T08:41:32Z,2020-09-02
2524,30,528,Cranberries - Frozen,1530.00,USD,2020-09-02T03:37:48Z,2020-09-02
9034,70,365,"Soup - Campbells, Cream Of",4570.00,USD,2020-09-02T19:03:27Z,2020-09-02
6831,55,108,Muffin Mix - Raisin Bran,1256.00,USD,2020-09-02T21:05:20Z,2020-09-02
1357,35,306,Flour - Rye,1302.00,USD,2020-09-02T03:48:28Z,2020-09-02
6423,77,351,Amarula Cream,1197.00,USD,2020-09-02T15:39:22Z,2020-09-02
5311,41,570,Nacho Chips,4308.00,USD,2020-09-02T13:13:51Z,2020-09-02
6722,65,389,Sprouts - Peppercress,3507.00,USD,2020-09-02T17:14:28Z,2020-09-02
2536,19,845,Cup Translucent 9 Oz,4298.00,USD,2020-09-02T17:48:04Z,2020-09-02
4711,45,313,Ham - Proscuitto,4229.00,USD,2020-09-02T14:28:13Z,2020-09-02
2977,25,622,Ice Cream - Turtles Stick Bar,4618.00,USD,2020-09-02T21:04:37Z,2020-09-02
9571,81,489,"Pork - Tenderloin, Fresh",2716.00,USD,2020-09-02T19:36:57Z,2020-09-02
8937,74,586,Limes,791.00,USD,2020-09-02T08:17:06Z,2020-09-02
6656,44,152,"Artichoke - Bottom, Canned",820.00,USD,2020-09-02T09:58:35Z,2020-09-02
1837,11,181,Wine - Ice Wine,796.00,USD,2020-09-02T17:46:52Z,2020-09-02
9618,26,575,Appetizer - Sausage Rolls,4618.00,USD,2020-09-02T04:00:41Z,2020-09-02
6590,9,791,Horseradish - Prepared,678.00,USD,2020-09-02T10:44:34Z,2020-09-02
5346,40,764,Curry Paste - Madras,1180.00,USD,2020-09-02T03:29:06Z,2020-09-02
6344,49,424,Cocktail Napkin Blue,4735.00,USD,2020-09-02T19:55:23Z,2020-09-02
7138,40,364,Parsley - Dried,1874.00,USD,2020-09-02T12:01:19Z,2020-09-02
7708,15,636,Raisin - Dark,3560.00,USD,2020-09-02T16:42:23Z,2020-09-02
7505,8,893,Chinese Foods - Chicken Wing,4037.00,USD,2020-09-02T11:19:10Z,2020-09-02
7627,98,704,Ostrich - Prime Cut,501.00,USD,2020-09-02T17:12:36Z,2020-09-02
7974,18,287,"Nut - Pecan, Halves",4153.00,USD,2020-09-02T11:14:55Z,2020-09-02
5018,26,877,Muffin - Zero Transfat,2264.00,USD,2020-09-02T00:00:53Z,2020-09-02
4741,76,139,Oil - Shortening - All - Purpose,4290.00,USD,2020-09-02T16:48:35Z,2020-09-02
1566,69,527,Sterno - Chafing Dish Fuel,3982.00,USD,2020-09-02T02:35:45Z,2020-09-02
2222,86,422,Soup - Boston Clam Chowder,3339.00,USD,2020-09-02T23:09:55Z,2020-09-02
1180,28,785,"Marsala - Sperone, Fine, D.o.c.",2164.00,USD,2020-09-02T01:14:54Z,2020-09-02
9118,78,776,Spice - Onion Powder Granulated,3905.00,USD,2020-09-02T14:31:05Z,2020-09-02
5995,35,598,"Bread - White, Sliced",712.00,USD,2020-09-02T20:23:29Z,2020-09-02
2272,11,706,Salt - Seasoned,3190.00,USD,2020-09-02T16:05:18Z,2020-09-02
5618,94,812,Halibut - Fletches,3439.00,USD,2020-09-02T10:08:21Z,2020-09-02
9708,7,559,Chocolate - Milk,3330.00,USD,2020-09-02T15:24:57Z,2020-09-02
3463,18,461,Miso Paste White,3554.00,USD,2020-09-02T00:41:54Z,2020-09-02
4114,62,279,"Wine - White, Mosel Gold",1626.00,USD,2020-09-02T13:16:01Z,2020-09-02
3533,95,329,Zucchini - Yellow,3394.00,USD,2020-09-02T03:58:15Z,2020-09-02
1370,65,447,"Pork - Bacon,back Peameal",4423.00,USD,2020-09-02T06:54:32Z,2020-09-02
4374,52,519,"Pork - Bacon, Double Smoked",1518.00,USD,2020-09-02T15:48:19Z,2020-09-02
5457,49,738,Egg Patty Fried,4962.00,USD,2020-09-02T13:09:43Z,2020-09-02
5048,53,678,Vaccum Bag 10x13,3844.00,USD,2020-09-02T16:32:59Z,2020-09-02
8387,44,484,Pasta - Orecchiette,3014.00,USD,2020-09-02T15:19:34Z,2020-09-02
4230,1,498,Longos - Penne With Pesto,3543.00,USD,2020-09-02T22:05:28Z,2020-09-02
4370,98,572,Wine - Two Oceans Cabernet,2063.00,USD,2020-09-02T08:42:46Z,2020-09-02
8244,60,213,"Mushroom - Shitake, Dry",2432.00,USD,2020-09-02T08:08:13Z,2020-09-02
5086,34,191,Flour - So Mix Cake White,3505.00,USD,2020-09-02T03:43:12Z,2020-09-02
9815,39,493,Cheese - Swiss Sliced,1518.00,USD,2020-09-02T07:13:10Z,2020-09-02
2694,94,446,Tomatoes - Yellow Hot House,4799.00,USD,2020-09-02T20:14:10Z,2020-09-02
8133,76,868,Pepper - Chili Powder,869.00,USD,2020-09-02T14:49:50Z,2020-09-02
7213,24,170,Wine - Kwv Chenin Blanc South,4070.00,USD,2020-09-02T08:11:34Z,2020-09-02
7449,27,522,Tea - Mint,1823.00,USD,2020-09-02T07:02:53Z,2020-09-02
8578,81,182,Oil - Hazelnut,2184.00,USD,2020-09-02T21:50:28Z,2020-09-02
7124,84,410,Praline Paste,2391.00,USD,2020-09-02T21:05:56Z,2020-09-02
1988,14,678,Wine - Black Tower Qr,979.00,USD,2020-09-02T23:46:52Z,2020-09-02
2542,9,496,Juice - Orange,1632.00,USD,2020-09-02T07:50:00Z,2020-09-02
8395,91,608,"Wine - White, Pinot Grigio",2685.00,USD,2020-09-02T01:05:02Z,2020-09-02
4896,99,592,Soup - Campbells Chili Veg,641.00,USD,2020-09-02T01:43:18Z,2020-09-02
7646,75,536,Beer - Labatt Blue,2860.00,USD,2020-09-02T00:38:59Z,2020-09-02
2927,64,665,"Beans - Black Bean, Dry",1554.00,USD,2020-09-02T18:23:06Z,2020-09-02
6416,29,565,Whmis Spray Bottle Graduated,2015.00,USD,2020-09-02T21:06:57Z,2020-09-02
3793,47,729,"Fish - Scallops, Cold Smoked",1371.00,USD,2020-09-02T22:54:46Z,2020-09-02
6016,56,520,Plastic Arrow Stir Stick,663.00,USD,2020-09-02T16:19:10Z,2020-09-02
4611,33,262,Vinegar - Champagne,4402.00,USD,2020-09-02T05:41:54Z,2020-09-02
7522,23,386,Flower - Dish Garden,1642.00,USD,2020-09-02T11:47:35Z,2020-09-02
2537,24,859,Wine - Puligny Montrachet A.,3275.00,USD,2020-09-02T21:02:48Z,2020-09-02
5566,61,593,Potato - Sweet,938.00,USD,2020-09-02T00:04:55Z,2020-09-02
8918,16,200,Sugar - Monocystal / Rock,3525.00,USD,2020-09-02T21:10:27Z,2020-09-02
5625,68,779,Chocolate - White,3750.00,USD,2020-09-02T11:00:02Z,2020-09-02
7742,37,640,Napkin - Beverage 1 Ply,941.00,USD,2020-09-02T19:28:42Z,2020-09-02
6251,67,556,Sesame Seed Black,2675.00,USD,2020-09-02T13:24:37Z,2020-09-02
8152,85,391,Dill Weed - Dry,4918.00,USD,2020-09-02T15:11:40Z,2020-09-02
2418,11,371,"Soup - Knorr, Chicken Gumbo",3408.00,USD,2020-09-02T16:23:10Z,2020-09-02
9378,53,876,Pasta - Canelloni,4482.00,USD,2020-09-02T06:01:40Z,2020-09-02
5052,83,152,Parasol Pick Stir Stick,3828.00,USD,2020-09-02T12:22:31Z,2020-09-02
6504,94,854,Lemon Tarts,1647.00,USD,2020-09-02T19:14:08Z,2020-09-02
8321,60,650,Maintenance Removal Charge,2295.00,USD,2020-09-02T05:12:44Z,2020-09-02
2878,99,664,Port - 74 Brights,4307.00,USD,2020-09-02T22:25:55Z,2020-09-02
3055,99,116,Pears - Anjou,3637.00,USD,2020-09-02T12:11:02Z,2020-09-02
4999,76,265,Sugar - Cubes,1766.00,USD,2020-09-02T04:21:51Z,2020-09-02
4581,1,621,Olives - Stuffed,3676.00,USD,2020-09-02T01:59:21Z,2020-09-02
9385,74,163,"Mushrooms - Black, Dried",3667.00,USD,2020-09-02T03:10:31Z,2020-09-02
3790,87,553,Foil Wrap,2990.00,USD,2020-09-02T04:51:11Z,2020-09-02
9001,60,470,Yogurt - Plain,1172.00,USD,2020-09-02T04:11:24Z,2020-09-02
5236,39,346,Apple - Royal Gala,1224.00,USD,2020-09-02T07:19:00Z,2020-09-02
5782,5,325,"Split Peas - Green, Dry",2112.00,USD,2020-09-02T03:25:04Z,2020-09-02
6863,88,352,"Veal - Brisket, Provimi,bnls",570.00,USD,2020-09-02T13:17:01Z,2020-09-02
9653,54,364,"Pasta - Lasagna Noodle, Frozen",3789.00,USD,2020-09-02T21:55:59Z,2020-09-02
7411,93,819,Cookie Dough - Chunky,3268.00,USD,2020-09-02T20:32:32Z,2020-09-02
3403,15,757,Pork - Kidney,2253.00,USD,2020-09-02T17:13:38Z,2020-09-02
1395,12,574,Salt And Pepper Mix - Black,2723.00,USD,2020-09-02T16:17:18Z,2020-09-02
8811,17,164,Cheese Cloth,4787.00,USD,2020-09-02T22:36:20Z,2020-09-02
9607,42,311,Bread - Assorted Rolls,3290.00,USD,2020-09-02T07:35:39Z,2020-09-02
3143,26,597,Dried Figs,4571.00,USD,2020-09-02T21:47:30Z,2020-09-02
5266,61,721,Yucca,1527.00,USD,2020-09-02T18:45:03Z,2020-09-02
5069,75,254,"Wine - Red, Concha Y Toro",1379.00,USD,2020-09-02T12:00:50Z,2020-09-02
1444,48,632,"Pork - Loin, Center Cut",3602.00,USD,2020-09-02T08:10:12Z,2020-09-02
5242,20,726,Coffee - Dark Roast,728.00,USD,2020-09-02T14:59:39Z,2020-09-02
5797,82,751,Cookie Trail Mix,4404.00,USD,2020-09-02T02:27:08Z,2020-09-02
5477,2,778,Plums - Red,2249.00,USD,2020-09-02T01:35:54Z,2020-09-02
6817,8,858,Paste - Black Olive,3639.00,USD,2020-09-02T19:33:26Z,2020-09-02
5112,2,860,Bread - Italian Sesame Poly,3907.00,USD,2020-09-02T06:11:47Z,2020-09-02
3114,38,759,Chickensplit Half,720.00,USD,2020-09-02T09:07:35Z,2020-09-02
1463,80,884,Pasta - Canelloni,996.00,USD,2020-09-02T23:16:00Z,2020-09-02
2374,6,485,Fudge - Cream Fudge,4952.00,USD,2020-09-02T07:01:02Z,2020-09-02
1475,5,833,Croissants Thaw And Serve,2151.00,USD,2020-09-02T00:46:21Z,2020-09-02
5422,47,845,Quail - Jumbo,3876.00,USD,2020-09-02T08:38:10Z,2020-09-02
7975,81,280,Grenadillo,1290.00,USD,2020-09-02T08:26:51Z,2020-09-02
9284,2,687,Wine - Magnotta - Pinot Gris Sr,918.00,USD,2020-09-02T13:15:02Z,2020-09-02
5505,30,848,"Iced Tea - Lemon, 460 Ml",2706.00,USD,2020-09-02T18:37:00Z,2020-09-02
8164,25,413,Apples - Spartan,3271.00,USD,2020-09-02T22:36:19Z,2020-09-02
6175,16,175,"Nut - Pine Nuts, Whole",1077.00,USD,2020-09-02T02:28:24Z,2020-09-02
6276,53,518,Sugar - White Packet,2389.00,USD,2020-09-02T20:59:43Z,2020-09-02
6828,73,872,Baking Powder,2150.00,USD,2020-09-02T20:46:09Z,2020-09-02
4172,95,437,Chicken - Bones,3505.00,USD,2020-09-02T12:03:41Z,2020-09-02
3665,50,810,Energy Drink - Franks Original,4874.00,USD,2020-09-02T02:27:00Z,2020-09-02
6203,81,420,French Kiss Vanilla,2480.00,USD,2020-09-02T20:39:20Z,2020-09-02
6106,11,771,Capon - Whole,511.00,USD,2020-09-02T07:57:44Z,2020-09-02
7562,55,698,Potatoes - Mini Red,636.00,USD,2020-09-02T05:12:19Z,2020-09-02
9285,30,610,Beef - Rib Eye Aaa,930.00,USD,2020-09-02T05:20:37Z,2020-09-02
9072,28,158,Oysters - Smoked,2667.00,USD,2020-09-02T18:25:29Z,2020-09-02
7809,90,456,Cafe Royale,2127.00,USD,2020-09-02T16:43:46Z,2020-09-02
9754,74,346,Venison - Racks Frenched,3675.00,USD,2020-09-02T05:27:19Z,2020-09-02
4916,29,113,"C - Plus, Orange",4499.00,USD,2020-09-02T14:06:03Z,2020-09-02
1175,26,499,Bagel - Plain,2749.00,USD,2020-09-02T10:32:26Z,2020-09-02
6711,26,449,Syrup - Pancake,4163.00,USD,2020-09-02T04:14:46Z,2020-09-02
1235,7,807,Radish,1291.00,USD,2020-09-02T17:21:52Z,2020-09-02
9993,38,640,Wine - Riesling Dr. Pauly,1156.00,USD,2020-09-02T18:17:40Z,2020-09-02
8089,30,835,Peppercorns - Pink,4189.00,USD,2020-09-02T06:19:59Z,2020-09-02
5738,24,333,Campari,1539.00,USD,2020-09-02T19:02:58Z,2020-09-02
3018,74,834,"Extract - Vanilla,artificial",972.00,USD,2020-09-02T15:12:36Z,2020-09-02
7419,27,603,Smoked Paprika,1105.00,USD,2020-09-02T17:58:44Z,2020-09-02
2405,51,722,Okra,1821.00,USD,2020-09-02T08:58:49Z,2020-09-02
2668,53,261,Wine - Sauvignon Blanc Oyster,3061.00,USD,2020-09-02T05:16:49Z,2020-09-02
5338,41,100,"Iced Tea - Lemon, 460 Ml",2795.00,USD,2020-09-02T22:41:38Z,2020-09-02
6378,100,407,"Sauce - Gravy, Au Jus, Mix",2781.00,USD,2020-09-02T19:26:32Z,2020-09-02
3448,62,691,Pie Shell - 9,1481.00,USD,2020-09-02T03:15:23Z,2020-09-02
9806,48,186,Kiwano,2155.00,USD,2020-09-02T06:20:37Z,2020-09-02
8572,22,718,Lobster - Base,3440.00,USD,2020-09-02T00:50:18Z,2020-09-02
3408,65,226,Wine - Prem Select Charddonany,3630.00,USD,2020-09-02T09:35:32Z,2020-09-02
8489,40,541,Beer - Moosehead,2603.00,USD,2020-09-02T21:21:47Z,2020-09-02
2430,7,406,"Pasta - Rotini, Dry",621.00,USD,2020-09-02T14:39:45Z,2020-09-02
5730,100,296,Russian Prince,4110.00,USD,2020-09-02T16:57:43Z,2020-09-02
4577,41,494,Salt - Seasoned,2165.00,USD,2020-09-02T13:40:26Z,2020-09-02
3230,4,639,Lemon Grass,4653.00,USD,2020-09-02T00:45:48Z,2020-09-02
9923,62,892,Sauce - Hoisin,3477.00,USD,2020-09-02T11:49:53Z,2020-09-02
8033,61,508,Spice - Pepper Portions,4715.00,USD,2020-09-02T04:21:09Z,2020-09-02
4534,50,648,Cranberries - Frozen,3155.00,USD,2020-09-02T00:53:11Z,2020-09-02
8838,92,647,Venison - Ground,1926.00,USD,2020-09-02T01:51:44Z,2020-09-02
4029,26,854,Longos - Penne With Pesto,892.00,USD,2020-09-02T08:52:59Z,2020-09-02
8525,5,108,Cheese - Grana Padano,4083.00,USD,2020-09-02T15:45:30Z,2020-09-02
1132,82,522,Wine - Alsace Gewurztraminer,1678.00,USD,2020-09-02T06:46:00Z,2020-09-02
7249,42,481,Appetizer - Shrimp Puff,1686.00,USD,2020-09-02T07:12:10Z,2020-09-02
1602,40,211,Flax Seed,4534.00,USD,2020-09-02T12:04:36Z,2020-09-02
5997,28,275,Rabbit - Frozen,2942.00,USD,2020-09-02T20:16:30Z,2020-09-02
9680,87,608,General Purpose Trigger,4618.00,USD,2020-09-02T10:51:25Z,2020-09-02
5638,60,544,Cumin - Ground,1359.00,USD,2020-09-02T22:32:53Z,2020-09-02
6617,24,688,Peppercorns - Pink,2635.00,USD,2020-09-02T21:37:30Z,2020-09-02
3966,70,341,Chickensplit Half,2205.00,USD,2020-09-02T07:13:09Z,2020-09-02
9055,27,431,Potatoes - Yukon Gold 5 Oz,2329.00,USD,2020-09-02T09:29:22Z,2020-09-02
3124,32,475,Cream - 10%,2088.00,USD,2020-09-02T01:45:27Z,2020-09-02
2334,3,181,Eggplant Oriental,2954.00,USD,2020-09-02T16:20:01Z,2020-09-02
8358,42,290,Aspic - Amber,747.00,USD,2020-09-02T21:08:05Z,2020-09-02
9383,71,334,Pasta - Fusili Tri - Coloured,924.00,USD,2020-09-02T14:38:34Z,2020-09-02
4971,88,663,Kiwi Gold Zespri,2187.00,USD,2020-09-02T16:47:52Z,2020-09-02
6421,61,496,Seabream Whole Farmed,4914.00,USD,2020-09-02T09:51:57Z,2020-09-02
1498,36,900,Soup - French Onion,3357.00,USD,2020-09-02T09:19:00Z,2020-09-02
6886,89,347,Onions - Cooking,1735.00,USD,2020-09-02T10:48:46Z,2020-09-02
7898,62,181,Tea - Herbal Sweet Dreams,3185.00,USD,2020-09-02T19:00:10Z,2020-09-02
4726,70,576,Crackers Cheez It,2349.00,USD,2020-09-02T07:03:41Z,2020-09-02
8475,100,896,Squid U5 - Thailand,2447.00,USD,2020-09-02T04:12:24Z,2020-09-02
6114,72,598,Greens Mustard,4553.00,USD,2020-09-02T15:59:36Z,2020-09-02
2797,54,463,Pepper - Orange,1848.00,USD,2020-09-02T00:41:06Z,2020-09-02
2060,66,687,Bagelers,4776.00,USD,2020-09-02T20:17:20Z,2020-09-02
2818,74,750,"Beets - Candy Cane, Organic",3800.00,USD,2020-09-02T09:47:52Z,2020-09-02
4273,61,451,Oysters - Smoked,3527.00,USD,2020-09-02T09:44:40Z,2020-09-02
5091,39,447,Cookie Dough - Double,3534.00,USD,2020-09-02T11:05:24Z,2020-09-02
5850,12,289,"Vinegar - Balsamic, White",4514.00,USD,2020-09-02T13:09:17Z,2020-09-02
7147,53,341,Cheese - Parmesan Grated,3950.00,USD,2020-09-02T15:51:11Z,2020-09-02
2970,87,682,Raspberries - Frozen,2116.00,USD,2020-09-02T13:29:02Z,2020-09-02
2320,1,718,Nantucket - Carrot Orange,3716.00,USD,2020-09-02T15:43:36Z,2020-09-02
4645,82,716,Sole - Iqf,2509.00,USD,2020-09-02T12:11:11Z,2020-09-02
7988,53,489,"Cup - 6oz, Foam",3904.00,USD,2020-09-02T15:25:48Z,2020-09-02
6281,72,409,Island Oasis - Wildberry,4292.00,USD,2020-09-02T12:59:36Z,2020-09-02
5800,98,690,Piping - Bags Quizna,827.00,USD,2020-09-02T21:20:18Z,2020-09-02
2715,92,332,Flour - Bread,2593.00,USD,2020-09-02T09:14:17Z,2020-09-02
4677,81,874,Muffin - Mix - Creme Brule 15l,2969.00,USD,2020-09-02T01:48:38Z,2020-09-02
3155,11,457,Food Colouring - Red,3330.00,USD,2020-09-02T11:01:21Z,2020-09-02
7360,14,795,"Star Anise, Whole",1685.00,USD,2020-09-02T12:52:35Z,2020-09-02
1826,53,320,Tea - Green,4719.00,USD,2020-09-02T04:54:19Z,2020-09-02
7600,12,266,Berry Brulee,2373.00,USD,2020-09-02T08:36:17Z,2020-09-02
2772,41,643,"Pasta - Elbows, Macaroni, Dry",3337.00,USD,2020-09-02T23:44:08Z,2020-09-02
5991,51,268,"Juice - Cranberry, 341 Ml",4832.00,USD,2020-09-02T00:25:58Z,2020-09-02
1117,52,270,Milk - 2%,2136.00,USD,2020-09-02T06:09:01Z,2020-09-02
1796,2,151,Soap - Pine Sol Floor Cleaner,2082.00,USD,2020-09-02T10:17:25Z,2020-09-02
3377,2,266,Chinese Foods - Chicken Wing,1390.00,USD,2020-09-02T23:06:33Z,2020-09-02
3955,38,431,Alize Sunset,4067.00,USD,2020-09-02T20:23:31Z,2020-09-02
5714,55,768,Bar Bran Honey Nut,3390.00,USD,2020-09-02T10:46:46Z,2020-09-02
3545,48,635,Wine - Fat Bastard Merlot,3633.00,USD,2020-09-02T23:55:48Z,2020-09-02
7793,31,749,"Lamb - Leg, Boneless",3920.00,USD,2020-09-02T21:06:05Z,2020-09-02
9020,47,894,Longos - Grilled Salmon With Bbq,1862.00,USD,2020-09-02T01:32:51Z,2020-09-02
2420,5,785,"Fish - Artic Char, Cold Smoked",4513.00,USD,2020-09-02T21:13:48Z,2020-09-02
7016,39,509,Coffee Cup 16oz Foam,2202.00,USD,2020-09-02T08:31:33Z,2020-09-02
7323,63,721,Kahlua,1179.00,USD,2020-09-02T12:28:39Z,2020-09-02
9847,15,795,Arizona - Green Tea,2099.00,USD,2020-09-02T12:03:06Z,2020-09-02
8711,45,544,Veal - Insides Provini,639.00,USD,2020-09-02T08:16:19Z,2020-09-02
2521,75,338,Ginsing - Fresh,1616.00,USD,2020-09-02T20:52:23Z,2020-09-02
9741,46,744,Versatainer Nc - 8288,3583.00,USD,2020-09-02T13:59:43Z,2020-09-02
2169,8,889,Chocolate - Semi Sweet,4809.00,USD,2020-09-02T22:57:38Z,2020-09-02
5657,89,369,Urban Zen Drinks,3678.00,USD,2020-09-02T20:03:57Z,2020-09-02
2194,35,113,Wine - Cotes Du Rhone,1074.00,USD,2020-09-02T04:38:13Z,2020-09-02
7318,46,362,Tea - Decaf Lipton,3643.00,USD,2020-09-02T09:24:05Z,2020-09-02
9434,91,304,Sugar - Brown,3233.00,USD,2020-09-02T18:46:16Z,2020-09-02
2001,68,715,Sage Ground Wiberg,4357.00,USD,2020-09-02T08:04:29Z,2020-09-02
4742,56,895,Chicken - Whole Roasting,4939.00,USD,2020-09-02T13:06:04Z,2020-09-02
8589,27,848,Beer - Moosehead,2744.00,USD,2020-09-02T20:57:36Z,2020-09-02
7131,20,647,Wine - Tio Pepe Sherry Fino,3598.00,USD,2020-09-02T08:43:28Z,2020-09-02
3805,72,858,Yoplait Drink,3663.00,USD,2020-09-02T14:53:42Z,2020-09-02
3456,49,577,Bag Clear 10 Lb,959.00,USD,2020-09-02T08:29:59Z,2020-09-02
7880,33,600,Beef - Shank,3805.00,USD,2020-09-02T22:52:50Z,2020-09-02
8111,77,471,Pork - Side Ribs,2297.00,USD,2020-09-02T01:09:00Z,2020-09-02
9199,1,705,"Rum - Dark, Bacardi, Black",4375.00,USD,2020-09-02T19:20:54Z,2020-09-02
1721,25,247,Ostrich - Fan Fillet,3836.00,USD,2020-09-02T06:38:40Z,2020-09-02
1619,16,710,Cheese - La Sauvagine,4847.00,USD,2020-09-02T11:54:07Z,2020-09-02
1717,39,766,Capon - Whole,3569.00,USD,2020-09-02T15:55:20Z,2020-09-02
2028,86,626,"Beef - Ground, Extra Lean, Fresh",2459.00,USD,2020-09-02T07:53:12Z,2020-09-02
4092,42,377,Gingerale - Diet - Schweppes,2797.00,USD,2020-09-02T16:16:44Z,2020-09-02
1845,99,679,"Veal - Tenderloin, Untrimmed",1139.00,USD,2020-09-02T09:54:28Z,2020-09-02
1680,24,569,Cloves - Ground,4142.00,USD,2020-09-02T23:03:15Z,2020-09-02
9351,97,303,Onions - Cooking,2479.00,USD,2020-09-02T02:07:53Z,2020-09-02
9837,62,612,Turnip - Mini,1440.00,USD,2020-09-02T09:27:53Z,2020-09-02
4833,12,545,Shrimp - 31/40,3530.00,USD,2020-09-02T21:41:53Z,2020-09-02
6295,81,287,Sugar - Fine,3522.00,USD,2020-09-02T22:47:21Z,2020-09-02
7909,65,883,Eggs - Extra Large,3751.00,USD,2020-09-02T22:59:56Z,2020-09-02
7256,2,432,"Wine - White, Colubia Cresh",2397.00,USD,2020-09-02T08:54:20Z,2020-09-02
7446,57,811,Salt And Pepper Mix - White,3309.00,USD,2020-09-02T04:26:02Z,2020-09-02
9474,79,252,Chocolate - Unsweetened,2029.00,USD,2020-09-02T05:29:34Z,2020-09-02
1341,12,493,Sobe - Liz Blizz,1212.00,USD,2020-09-02T23:07:57Z,2020-09-02
3846,69,443,Lemon Tarts,4089.00,USD,2020-09-02T12:56:33Z,2020-09-02
6259,76,131,Beef Cheek Fresh,3369.00,USD,2020-09-02T03:09:52Z,2020-09-02
2049,15,345,Cookies - Englishbay Chochip,3282.00,USD,2020-09-02T19:15:05Z,2020-09-02
1841,80,581,Sauce - Fish 25 Ozf Bottle,3631.00,USD,2020-09-02T04:48:17Z,2020-09-02
2491,58,648,Ecolab Crystal Fusion,778.00,USD,2020-09-02T09:16:36Z,2020-09-02
1891,51,327,Cucumber - Pickling Ontario,4621.00,USD,2020-09-02T21:56:00Z,2020-09-02
8839,1,375,Jerusalem Artichoke,907.00,USD,2020-09-02T20:46:53Z,2020-09-02
1502,9,340,Potatoes - Idaho 100 Count,2058.00,USD,2020-09-02T01:45:35Z,2020-09-02
9042,85,624,"Brocolinni - Gaylan, Chinese",3507.00,USD,2020-09-02T04:56:55Z,2020-09-02
4980,7,324,Steampan Lid,4267.00,USD,2020-09-02T05:05:52Z,2020-09-02
4174,29,466,"Beans - Turtle, Black, Dry",2455.00,USD,2020-09-02T00:02:39Z,2020-09-02
8361,83,470,"Lettuce - Romaine, Heart",2157.00,USD,2020-09-02T04:45:37Z,2020-09-02
2429,97,871,"Tabasco Sauce, 2 Oz",2525.00,USD,2020-09-02T01:22:58Z,2020-09-02
1041,11,338,Radish,841.00,USD,2020-09-02T20:18:04Z,2020-09-02
3905,10,488,Vegetable - Base,1492.00,USD,2020-09-02T12:36:48Z,2020-09-02
7587,70,449,"Soup - Knorr, Country Bean",1796.00,USD,2020-09-02T09:30:24Z,2020-09-02
4596,57,475,"Chilli Paste, Sambal Oelek",3675.00,USD,2020-09-02T21:18:02Z,2020-09-02
6748,70,163,"Veal - Brisket, Provimi, Bone - In",4822.00,USD,2020-09-02T15:36:13Z,2020-09-02
5690,83,703,Wine - White Cab Sauv.on,2954.00,USD,2020-09-02T22:50:03Z,2020-09-02
4172,80,549,Wine - Pinot Noir Latour,2925.00,USD,2020-09-02T04:50:54Z,2020-09-02
2054,12,183,Spic And Span All Purpose,2656.00,USD,2020-09-02T22:50:06Z,2020-09-02
2419,27,824,Nori Sea Weed - Gold Label,501.00,USD,2020-09-02T06:06:41Z,2020-09-02
5981,62,588,Nut - Pumpkin Seeds,1724.00,USD,2020-09-02T13:40:34Z,2020-09-02
8227,97,742,"Dill - Primerba, Paste",3875.00,USD,2020-09-02T06:51:30Z,2020-09-02
9540,58,121,Bread - Sour Batard,4083.00,USD,2020-09-02T17:12:31Z,2020-09-02
4273,86,306,Baking Soda,4424.00,USD,2020-09-02T18:54:00Z,2020-09-02
6191,53,317,"Yogurt - Cherry, 175 Gr",4274.00,USD,2020-09-02T09:58:26Z,2020-09-02
3195,24,133,Cookies - Fortune,1881.00,USD,2020-09-02T01:51:03Z,2020-09-02
2922,11,270,Bagels Poppyseed,3862.00,USD,2020-09-02T12:13:48Z,2020-09-02
2785,91,889,Soup - Campbells Beef Stew,3967.00,USD,2020-09-02T07:58:50Z,2020-09-02
4813,76,538,Wine - Beaujolais Villages,2339.00,USD,2020-09-02T23:29:02Z,2020-09-02
9166,91,369,Tart - Lemon,1079.00,USD,2020-09-02T01:45:52Z,2020-09-02
9511,98,598,Sorrel - Fresh,505.00,USD,2020-09-02T20:19:37Z,2020-09-02
1185,93,254,Steam Pan - Half Size Deep,2564.00,USD,2020-09-02T13:19:41Z,2020-09-02
1107,98,767,Wine - Toasted Head,2090.00,USD,2020-09-02T15:11:38Z,2020-09-02
9457,98,254,Pepper - Red Thai,2826.00,USD,2020-09-02T17:15:29Z,2020-09-02
3555,26,201,Wine - Fino Tio Pepe Gonzalez,4922.00,USD,2020-09-02T20:52:51Z,2020-09-02
3442,59,898,Bread Sour Rolls,2337.00,USD,2020-09-02T06:36:05Z,2020-09-02
2053,56,542,Squid - U - 10 Thailand,3682.00,USD,2020-09-02T18:45:30Z,2020-09-02
3084,18,554,English Muffin,2736.00,USD,2020-09-02T01:23:51Z,2020-09-02
8450,48,486,Seedlings - Clamshell,4133.00,USD,2020-09-02T17:40:38Z,2020-09-02
1192,1,348,"Lemonade - Kiwi, 591 Ml",4373.00,USD,2020-09-02T02:35:02Z,2020-09-02
5877,75,548,"Marsala - Sperone, Fine, D.o.c.",2901.00,USD,2020-09-02T23:55:03Z,2020-09-02
1569,71,428,Anchovy Paste - 56 G Tube,721.00,USD,2020-09-02T14:02:07Z,2020-09-02
9978,77,304,Wine - Chardonnay South,3432.00,USD,2020-09-02T23:39:53Z,2020-09-02
5258,7,463,Boogies,4838.00,USD,2020-09-02T02:03:43Z,2020-09-02
3086,80,721,Pastry - Carrot Muffin - Mini,4242.00,USD,2020-09-02T11:15:48Z,2020-09-02
9527,97,140,Tomatoes - Grape,3426.00,USD,2020-09-02T11:01:39Z,2020-09-02
1636,82,515,Sweet Pea Sprouts,2297.00,USD,2020-09-02T14:39:44Z,2020-09-02
8386,95,552,"Pasta - Elbows, Macaroni, Dry",3136.00,USD,2020-09-02T02:36:38Z,2020-09-02
6918,48,346,Beer - Guiness,566.00,USD,2020-09-02T15:17:01Z,2020-09-02
8029,79,481,Sugar - Cubes,2029.00,USD,2020-09-02T16:45:26Z,2020-09-02
7623,33,760,Garlic - Peeled,2812.00,USD,2020-09-02T06:02:56Z,2020-09-02
4945,17,678,Juice - Cranberry 284ml,1470.00,USD,2020-09-02T03:30:42Z,2020-09-02
6671,23,791,Sugar - Invert,1800.00,USD,2020-09-02T12:04:48Z,2020-09-02
8918,54,392,Pails With Lids,4971.00,USD,2020-09-02T15:57:21Z,2020-09-02
6814,79,539,"Pork - Butt, Boneless",4944.00,USD,2020-09-02T22:54:48Z,2020-09-02
4215,45,104,Coffee - Ristretto Coffee Capsule,902.00,USD,2020-09-02T11:40:02Z,2020-09-02
1107,20,888,Ice Cream Bar - Oreo Sandwich,2900.00,USD,2020-09-02T22:00:45Z,2020-09-02
8135,51,672,"Zucchini - Mini, Green",1507.00,USD,2020-09-02T05:27:24Z,2020-09-02
9959,96,327,Clam - Cherrystone,2646.00,USD,2020-09-02T02:27:42Z,2020-09-02
8742,91,172,Curry Powder Madras,716.00,USD,2020-09-02T03:25:12Z,2020-09-02
4977,4,114,Nescafe - Frothy French Vanilla,3128.00,USD,2020-09-02T00:36:46Z,2020-09-02
3993,75,836,Lamb - Ground,1704.00,USD,2020-09-02T01:10:04Z,2020-09-02
9585,24,528,Wood Chips - Regular,3793.00,USD,2020-09-02T19:39:14Z,2020-09-02
6022,96,772,Lobster - Canned Premium,4892.00,USD,2020-09-02T04:44:47Z,2020-09-02
2173,62,547,Ecolab Silver Fusion,3059.00,USD,2020-09-02T22:09:12Z,2020-09-02
8799,89,507,Carbonated Water - White Grape,4594.00,USD,2020-09-02T07:36:13Z,2020-09-02
3297,97,370,Kiwi,1395.00,USD,2020-09-02T10:35:00Z,2020-09-02
7931,26,341,Beef - Prime Rib Aaa,4833.00,USD,2020-09-02T02:43:54Z,2020-09-02
3745,40,245,Bread - Hot Dog Buns,1842.00,USD,2020-09-02T09:08:47Z,2020-09-02
7925,12,514,"Cheese - Brie, Cups 125g",2078.00,USD,2020-09-02T12:54:46Z,2020-09-02
2432,96,141,Wine - Winzer Krems Gruner,1466.00,USD,2020-09-02T07:15:23Z,2020-09-02
4479,15,860,Pepper - Cubanelle,2868.00,USD,2020-09-02T23:24:46Z,2020-09-02
5407,25,116,Table Cloth 53x53 White,4026.00,USD,2020-09-02T14:10:56Z,2020-09-02
3054,31,771,Basil - Seedlings Cookstown,2446.00,USD,2020-09-02T18:44:28Z,2020-09-02
5438,29,886,Energy Drink - Franks Original,580.00,USD,2020-09-02T22:48:04Z,2020-09-02
4982,82,493,"Pineapple - Canned, Rings",595.00,USD,2020-09-02T21:45:17Z,2020-09-02
8090,89,178,Numi - Assorted Teas,2731.00,USD,2020-09-02T00:38:55Z,2020-09-02
2104,77,511,Pie Filling - Cherry,1474.00,USD,2020-09-02T11:49:57Z,2020-09-02
5964,85,769,Cattail Hearts,3499.00,USD,2020-09-02T06:28:42Z,2020-09-02
8600,72,650,Dr. Pepper - 355ml,726.00,USD,2020-09-02T06:49:50Z,2020-09-02
3659,24,740,Hand Towel,4299.00,USD,2020-09-02T07:54:26Z,2020-09-02
6293,67,619,"Wine - White, Gewurtzraminer",4802.00,USD,2020-09-02T12:13:00Z,2020-09-02
5860,33,123,Juice - Mango,3565.00,USD,2020-09-02T01:45:55Z,2020-09-02
7857,78,713,Syrup - Pancake,1339.00,USD,2020-09-02T20:33:14Z,2020-09-02
1815,25,222,"Wine - White, French Cross",958.00,USD,2020-09-02T05:35:13Z,2020-09-02
7491,27,374,Table Cloth 120 Round White,2582.00,USD,2020-09-02T18:24:48Z,2020-09-02
8532,64,267,Wiberg Super Cure,3987.00,USD,2020-09-02T16:13:04Z,2020-09-02
4382,46,436,V8 Pet,1208.00,USD,2020-09-02T17:42:16Z,2020-09-02
8682,80,489,Lotus Root,2844.00,USD,2020-09-02T23:26:07Z,2020-09-02
8090,55,829,Cookies - Englishbay Wht,2329.00,USD,2020-09-02T03:19:52Z,2020-09-02
6012,93,812,Nantucket Orange Juice,966.00,USD,2020-09-02T18:39:23Z,2020-09-02
9518,30,524,Soup - Campbellschix Stew,3501.00,USD,2020-09-02T05:51:53Z,2020-09-02
8644,89,108,Soup - Campbells Mac N Cheese,885.00,USD,2020-09-02T14:33:13Z,2020-09-02
1959,61,528,Tequila - Sauza Silver,2332.00,USD,2020-09-02T00:18:16Z,2020-09-02
1864,73,262,"Rum - Coconut, Malibu",2090.00,USD,2020-09-02T01:37:47Z,2020-09-02
8246,74,589,Lemons,1056.00,USD,2020-09-02T02:28:38Z,2020-09-02
4492,41,210,Pastry - Banana Muffin - Mini,3315.00,USD,2020-09-02T03:17:33Z,2020-09-02
8462,66,465,Chocolate - Mi - Amere Semi,2532.00,USD,2020-09-02T19:32:29Z,2020-09-02
2160,18,207,"Crab - Blue, Frozen",2072.00,USD,2020-09-02T14:10:21Z,2020-09-02
8545,76,827,"Soup - Knorr, Country Bean",3734.00,USD,2020-09-02T13:10:42Z,2020-09-02
4541,61,766,Turkey - Oven Roast Breast,3648.00,USD,2020-09-02T19:50:02Z,2020-09-02
8687,39,687,Garbag Bags - Black,1247.00,USD,2020-09-02T02:16:42Z,2020-09-02
3488,89,528,Milkettes - 2%,1284.00,USD,2020-09-02T22:04:23Z,2020-09-02
3916,63,287,Lettuce Romaine Chopped,3423.00,USD,2020-09-02T02:47:01Z,2020-09-02
2789,45,866,Mushroom - Porcini Frozen,3409.00,USD,2020-09-02T04:35:26Z,2020-09-02
6694,42,208,Wine - Pinot Noir Pond Haddock,689.00,USD,2020-09-02T08:46:09Z,2020-09-02
3760,65,713,"Tuna - Canned, Flaked, Light",1013.00,USD,2020-09-02T23:46:03Z,2020-09-02
2623,100,647,"Pasta - Bauletti, Chicken White",4767.00,USD,2020-09-02T19:01:26Z,2020-09-02
2831,74,346,Beef - Short Loin,4568.00,USD,2020-09-02T04:49:33Z,2020-09-02
8663,30,188,Bread - Italian Sesame Poly,1166.00,USD,2020-09-02T07:41:04Z,2020-09-02
4193,70,800,"Yogurt - Raspberry, 175 Gr",3771.00,USD,2020-09-02T19:30:14Z,2020-09-02
6327,67,475,Tuna - Bluefin,1356.00,USD,2020-09-02T11:49:53Z,2020-09-02
4662,5,107,Sauce - Hollandaise,3332.00,USD,2020-09-02T23:55:41Z,2020-09-02
8573,33,171,Grapes - Red,938.00,USD,2020-09-02T00:36:17Z,2020-09-02
9388,10,272,Milk - Skim,1711.00,USD,2020-09-02T13:19:05Z,2020-09-02
9356,7,471,Basil - Thai,4812.00,USD,2020-09-02T18:21:18Z,2020-09-02
1847,58,842,"Oil - Truffle, Black",3852.00,USD,2020-09-02T12:41:53Z,2020-09-02
7703,34,391,Garlic,1144.00,USD,2020-09-02T11:36:13Z,2020-09-02
5880,58,743,Wine - Rosso Toscano Igt,1146.00,USD,2020-09-02T05:45:48Z,2020-09-02
9493,69,147,Pork - Side Ribs,1538.00,USD,2020-09-02T15:21:57Z,2020-09-02
8668,3,761,Bar - Sweet And Salty Chocolate,1872.00,USD,2020-09-02T03:17:37Z,2020-09-02
2339,11,110,Wine - Ice Wine,1472.00,USD,2020-09-02T06:13:29Z,2020-09-02
9876,6,718,Versatainer Nc - 888,536.00,USD,2020-09-02T15:56:19Z,2020-09-02
8773,86,277,"Salmon - Smoked, Sliced",2645.00,USD,2020-09-02T07:53:16Z,2020-09-02
2478,31,674,Cheese - Ermite Bleu,1304.00,USD,2020-09-02T03:21:48Z,2020-09-02
1908,29,332,"Garlic - Primerba, Paste",3207.00,USD,2020-09-02T19:46:50Z,2020-09-02
4405,28,152,Bandage - Fexible 1x3,938.00,USD,2020-09-02T02:30:04Z,2020-09-02
1881,91,578,Papayas,4585.00,USD,2020-09-02T05:49:40Z,2020-09-02
5000,25,263,"Yogurt - Raspberry, 175 Gr",3052.00,USD,2020-09-02T09:26:41Z,2020-09-02
7158,79,656,Chocolate - White,1011.00,USD,2020-09-02T01:59:13Z,2020-09-02
4367,60,153,Foam Dinner Plate,4574.00,USD,2020-09-02T18:24:59Z,2020-09-02
2785,26,715,Soup Campbells Mexicali Tortilla,1315.00,USD,2020-09-02T02:34:34Z,2020-09-02
6749,76,863,Sobe - Liz Blizz,568.00,USD,2020-09-02T23:14:31Z,2020-09-02
1576,38,735,Chutney Sauce,1190.00,USD,2020-09-02T06:57:58Z,2020-09-02
5432,74,186,Basil - Seedlings Cookstown,2899.00,USD,2020-09-02T01:03:38Z,2020-09-02
9009,39,209,Mayonnaise - Individual Pkg,2984.00,USD,2020-09-02T13:57:59Z,2020-09-02
6850,44,846,Worcestershire Sauce,4743.00,USD,2020-09-02T13:08:13Z,2020-09-02
6259,14,553,Beef - Striploin Aa,956.00,USD,2020-09-02T20:37:55Z,2020-09-02
3730,91,791,Glass Clear 8 Oz,2111.00,USD,2020-09-02T10:11:14Z,2020-09-02
1484,95,149,"Seedlings - Mix, Organic",1424.00,USD,2020-09-02T02:33:19Z,2020-09-02
9898,37,638,Cookies Oatmeal Raisin,2506.00,USD,2020-09-02T18:57:08Z,2020-09-02
1238,27,602,Milk - 1%,4039.00,USD,2020-09-02T20:04:57Z,2020-09-02
2428,23,254,"Pepsi - Diet, 355 Ml",1015.00,USD,2020-09-02T22:23:05Z,2020-09-02
3196,21,897,"Beef - Ox Tongue, Pickled",1254.00,USD,2020-09-02T19:39:25Z,2020-09-02
6829,87,647,Russian Prince,542.00,USD,2020-09-02T02:26:12Z,2020-09-02
2301,76,504,Avocado,2083.00,USD,2020-09-02T12:10:11Z,2020-09-02
2887,11,206,Scotch - Queen Anne,4944.00,USD,2020-09-02T20:57:59Z,2020-09-02
5902,35,297,Lentils - Green Le Puy,1484.00,USD,2020-09-02T03:19:54Z,2020-09-02
5892,83,638,"Carrots - Mini, Stem On",3918.00,USD,2020-09-02T07:33:10Z,2020-09-02
8298,36,516,Veal - Insides Provini,1296.00,USD,2020-09-02T11:47:50Z,2020-09-02
1044,87,457,"Fish - Halibut, Cold Smoked",2281.00,USD,2020-09-02T08:27:06Z,2020-09-02
8014,18,188,Bagelers,750.00,USD,2020-09-02T09:52:56Z,2020-09-02
5114,67,821,"Beef - Bones, Marrow",1283.00,USD,2020-09-02T06:31:04Z,2020-09-02
1656,93,485,Wine - Prosecco Valdobienne,4361.00,USD,2020-09-02T22:47:22Z,2020-09-02
6394,41,847,Carrots - Jumbo,2672.00,USD,2020-09-02T23:41:10Z,2020-09-02
3844,22,648,Steel Wool,2892.00,USD,2020-09-02T20:25:37Z,2020-09-02
6171,99,650,Potato - Sweet,3993.00,USD,2020-09-02T11:13:30Z,2020-09-02
7019,5,127,Rice - 7 Grain Blend,3538.00,USD,2020-09-02T02:03:00Z,2020-09-02
5496,14,193,Tea - Herbal Orange Spice,3208.00,USD,2020-09-02T17:26:45Z,2020-09-02
5923,31,805,Bamboo Shoots - Sliced,4418.00,USD,2020-09-02T04:17:25Z,2020-09-02
6841,34,654,"Bread - Roll, Canadian Dinner",1114.00,USD,2020-09-02T03:13:53Z,2020-09-02
3437,19,148,Calypso - Pineapple Passion,1449.00,USD,2020-09-02T04:38:11Z,2020-09-02
1539,8,529,Bread - Rosemary Focaccia,1258.00,USD,2020-09-02T05:41:34Z,2020-09-02
4496,60,485,Onion - Dried,1168.00,USD,2020-09-02T07:48:18Z,2020-09-02
4467,53,779,Rhubarb,3231.00,USD,2020-09-02T15:02:10Z,2020-09-02
7600,15,834,Truffle Shells - Semi - Sweet,4806.00,USD,2020-09-02T02:00:33Z,2020-09-02
7031,40,371,Pecan Raisin - Tarts,4388.00,USD,2020-09-02T03:44:37Z,2020-09-02
8909,17,824,"Cup - 6oz, Foam",3134.00,USD,2020-09-02T07:33:52Z,2020-09-02
4240,10,742,Salmon - Sockeye Raw,970.00,USD,2020-09-02T00:33:34Z,2020-09-02
9604,73,853,Beef - Striploin Aa,1783.00,USD,2020-09-02T17:09:20Z,2020-09-02
2457,75,376,Syrup - Monin - Passion Fruit,3214.00,USD,2020-09-02T17:37:16Z,2020-09-02
4166,52,189,Tea - Herbal Sweet Dreams,2968.00,USD,2020-09-02T10:31:07Z,2020-09-02
9107,9,256,"Jam - Raspberry,jar",1906.00,USD,2020-09-02T09:57:38Z,2020-09-02
3795,68,655,Sage - Fresh,1201.00,USD,2020-09-02T06:47:15Z,2020-09-02
3896,94,571,Sour Puss Sour Apple,1517.00,USD,2020-09-02T06:11:42Z,2020-09-02
7066,53,390,Nantucket Orange Juice,1875.00,USD,2020-09-02T00:56:50Z,2020-09-02
7845,55,808,Bread Roll Foccacia,3055.00,USD,2020-09-02T16:22:29Z,2020-09-02
1843,7,605,Ecolab - Solid Fusion,1757.00,USD,2020-09-02T10:59:05Z,2020-09-02
6009,16,770,Wine - Manischewitz Concord,3006.00,USD,2020-09-02T14:25:24Z,2020-09-02
2188,40,180,Rice - Basmati,3225.00,USD,2020-09-02T08:20:48Z,2020-09-02
2367,67,475,Broom - Angled,1552.00,USD,2020-09-02T21:20:09Z,2020-09-02
5774,18,516,Glass Clear 7 Oz Xl,2589.00,USD,2020-09-02T00:14:58Z,2020-09-02
3362,31,159,Squash - Sunburst,4841.00,USD,2020-09-02T12:43:56Z,2020-09-02
2466,45,375,Squid Ink,4620.00,USD,2020-09-02T11:56:54Z,2020-09-02
6074,58,422,Paper Towel Touchless,1752.00,USD,2020-09-02T10:22:30Z,2020-09-02
4792,56,501,Bag - Clear 7 Lb,3341.00,USD,2020-09-02T10:53:21Z,2020-09-02
8348,14,795,"Halibut - Whole, Fresh",2848.00,USD,2020-09-02T16:31:39Z,2020-09-02
9308,50,631,Energy Drink - Franks Pineapple,1766.00,USD,2020-09-02T07:20:24Z,2020-09-02
9061,33,317,Veal - Bones,2182.00,USD,2020-09-02T19:44:51Z,2020-09-02
3440,1,393,Coffee - Irish Cream,2311.00,USD,2020-09-02T01:02:32Z,2020-09-02
7861,50,297,Ostrich - Prime Cut,2909.00,USD,2020-09-02T02:46:54Z,2020-09-02
7237,62,698,"Salmon - Atlantic, No Skin",1522.00,USD,2020-09-02T05:45:04Z,2020-09-02
3075,57,700,"Bread - Bagels, Plain",847.00,USD,2020-09-02T06:37:58Z,2020-09-02
3909,90,861,"Pasta - Cannelloni, Sheets, Fresh",4186.00,USD,2020-09-02T22:00:25Z,2020-09-02
5404,63,538,Shrimp - Tiger 21/25,1700.00,USD,2020-09-02T03:28:31Z,2020-09-02
1890,22,764,Coconut - Whole,3510.00,USD,2020-09-02T06:03:01Z,2020-09-02
1295,81,404,Edible Flower - Mixed,2764.00,USD,2020-09-02T15:59:14Z,2020-09-02
1841,73,345,Energy Drink Bawls,579.00,USD,2020-09-02T02:08:31Z,2020-09-02
2896,87,885,Cheese - Fontina,781.00,USD,2020-09-02T21:55:38Z,2020-09-02
1342,63,878,Muffins - Assorted,3155.00,USD,2020-09-02T00:43:28Z,2020-09-02
8197,41,740,Curry Paste - Green Masala,3861.00,USD,2020-09-02T04:25:25Z,2020-09-02
9733,9,671,"Chocolate - Semi Sweet, Calets",1740.00,USD,2020-09-02T19:46:08Z,2020-09-02
1687,82,424,Jameson - Irish Whiskey,4348.00,USD,2020-09-02T06:20:39Z,2020-09-02
8905,52,534,Tea - Earl Grey,3987.00,USD,2020-09-02T19:20:06Z,2020-09-02
9362,4,797,Flour - Strong,2271.00,USD,2020-09-02T16:34:15Z,2020-09-02
8873,21,140,Sauce - Marinara,1679.00,USD,2020-09-02T08:24:34Z,2020-09-02
9127,7,825,Boogies,3986.00,USD,2020-09-02T10:11:45Z,2020-09-02
8802,24,794,"Soup - French Onion, Dry",2445.00,USD,2020-09-02T17:49:10Z,2020-09-02
5545,83,863,Chicken - Whole Fryers,798.00,USD,2020-09-02T10:19:06Z,2020-09-02
4388,82,578,Bread Sour Rolls,4402.00,USD,2020-09-02T15:04:14Z,2020-09-02
6858,35,631,Lamb - Shanks,3948.00,USD,2020-09-02T06:38:01Z,2020-09-02
4249,9,236,Rice - Wild,1040.00,USD,2020-09-02T05:01:07Z,2020-09-02
6012,81,202,"Schnappes - Peach, Walkers",4853.00,USD,2020-09-02T22:04:09Z,2020-09-02
7591,69,536,"Asparagus - White, Canned",2100.00,USD,2020-09-02T15:45:45Z,2020-09-02
9409,71,236,"Leeks - Baby, White",2591.00,USD,2020-09-02T15:32:50Z,2020-09-02
5063,6,347,Pop - Club Soda Can,3918.00,USD,2020-09-02T00:43:38Z,2020-09-02
7253,79,361,Nantucket - Carrot Orange,1502.00,USD,2020-09-02T23:09:39Z,2020-09-02
4942,58,851,Lamb Shoulder Boneless Nz,3765.00,USD,2020-09-02T07:28:42Z,2020-09-02
8353,66,369,Tuna - Fresh,2446.00,USD,2020-09-02T14:43:50Z,2020-09-02
5350,27,751,Vinegar - White,3254.00,USD,2020-09-02T03:10:20Z,2020-09-02
7346,96,188,"Olives - Green, Pitted",2518.00,USD,2020-09-02T02:56:14Z,2020-09-02
2371,81,164,Bread - 10 Grain Parisian,3300.00,USD,2020-09-02T17:15:56Z,2020-09-02
8049,39,269,Star Fruit,4507.00,USD,2020-09-02T02:04:35Z,2020-09-02
5070,46,806,Potatoes - Fingerling 4 Oz,1868.00,USD,2020-09-02T13:20:44Z,2020-09-02
2331,9,820,"Veal - Tenderloin, Untrimmed",1345.00,USD,2020-09-02T02:32:08Z,2020-09-02
7368,88,273,Bread Base - Goodhearth,4134.00,USD,2020-09-02T08:19:23Z,2020-09-02
9752,90,166,Soup - Campbells Beef Strogonoff,3757.00,USD,2020-09-02T15:04:08Z,2020-09-02
6731,46,746,Cheese - Bakers Cream Cheese,4891.00,USD,2020-09-02T07:16:25Z,2020-09-02
8066,69,298,Beef - Short Ribs,3136.00,USD,2020-09-02T03:45:05Z,2020-09-02
7532,84,858,"Bread - Roll, Calabrese",969.00,USD,2020-09-02T11:17:26Z,2020-09-02
6157,49,137,"Bread - White, Sliced",4316.00,USD,2020-09-02T04:46:56Z,2020-09-02
